window_start,window_end,sport,n_sessions_total,n_sessions_usable,total_duration_min,z1_total_min,z2_total_min,z3_total_min,z1_pct_weighted,z2_pct_weighted,z3_pct_weighted,work_total_min,work_n_blocks,work_longest_min,work_avg_z3_pct_weighted,zones_source_mix,intensity_category_mix,distribution_pattern,distribution_confidence,distribution_notes
2025-05-12,2025-05-18,bike,2,2,391.4,282.9,78.5,29.7,72.3,20.1,7.6,96.5,11,19.4,28.4,icu=2,work_intense=1;work_steady=1,pyramidal,moderate,minimum_weekly_support
2025-05-12,2025-05-18,trail_run,2,2,177.5,130.9,42.9,3.4,73.9,24.2,1.9,43.8,4,15.7,5.0,icu=2,easy=1;work_steady=1,pyramidal,moderate,minimum_weekly_support
2025-05-19,2025-05-25,bike,2,2,504.3,473.2,28.3,2.4,93.9,5.6,0.5,22.5,3,11.8,10.1,icu=2,work_intense=1;work_moderate=1,pyramidal,moderate,minimum_weekly_support
2025-05-19,2025-05-25,road_run,1,1,18.3,16.8,0.3,0.0,98.2,1.8,0.0,0.0,0,0.0,0.0,icu=1,easy=1,pyramidal,low,too_few_sessions;too_few_usable_sessions;low_total_duration
2025-05-19,2025-05-25,trail_run,1,1,81.1,62.5,18.4,0.0,77.3,22.7,0.0,10.7,2,7.0,0.0,icu=1,work_moderate=1,pyramidal,low,too_few_sessions;too_few_usable_sessions;low_total_duration
2025-05-26,2025-06-01,bike,3,3,331.8,302.0,13.4,15.9,91.2,4.0,4.8,24.9,5,6.2,59.0,icu=3,easy=2;work_intense=1,polarized,high,
2025-05-26,2025-06-01,trail_run,2,2,172.8,168.3,4.1,0.0,97.6,2.4,0.0,0.0,0,0.0,0.0,icu=2,easy=2,pyramidal,moderate,minimum_weekly_support
2025-06-02,2025-06-08,road_run,4,4,86.2,77.3,4.1,0.0,95.0,5.0,0.0,0.0,0,0.0,0.0,icu=4,easy=4,pyramidal,moderate,low_total_duration
2025-06-02,2025-06-08,trail_run,1,1,100.2,94.7,5.2,0.0,94.8,5.2,0.0,0.0,0,0.0,0.0,icu=1,easy=1,pyramidal,low,too_few_sessions;too_few_usable_sessions
2025-06-09,2025-06-15,road_run,1,1,83.7,76.9,4.3,0.0,94.7,5.3,0.0,0.0,0,0.0,0.0,icu=1,easy=1,pyramidal,low,too_few_sessions;too_few_usable_sessions;low_total_duration
2025-06-09,2025-06-15,trail_run,2,2,97.6,75.6,13.7,7.7,77.9,14.1,7.9,3.0,1,3.0,7.0,icu=2,easy=1;finish_strong=1,pyramidal,moderate,minimum_weekly_support
2025-06-16,2025-06-22,bike,1,1,91.5,87.9,3.4,0.0,96.3,3.7,0.0,3.5,1,3.5,0.0,icu=1,easy=1,pyramidal,low,too_few_sessions;too_few_usable_sessions
2025-06-16,2025-06-22,road_run,2,2,94.2,17.9,75.7,0.0,19.1,80.9,0.0,78.2,1,78.2,0.0,icu=2,work_steady=1;easy=1,threshold,moderate,minimum_weekly_support
2025-06-16,2025-06-22,trail_run,1,1,73.7,52.1,18.7,2.2,71.4,25.6,3.0,5.3,1,5.3,0.0,icu=1,work_moderate=1,pyramidal,low,too_few_sessions;too_few_usable_sessions;low_total_duration
2025-06-23,2025-06-29,bike,2,2,538.0,499.2,37.4,0.0,93.0,7.0,0.0,17.2,4,6.2,0.0,icu=2,work_moderate=2,pyramidal,moderate,minimum_weekly_support
2025-06-23,2025-06-29,hike,2,2,451.0,407.9,36.6,0.0,91.8,8.2,0.0,11.6,3,4.5,0.0,icu=2,easy=1;work_moderate=1,pyramidal,moderate,minimum_weekly_support
2025-06-23,2025-06-29,road_run,1,1,21.6,14.8,2.7,3.4,70.8,12.9,16.3,5.9,1,5.9,52.0,icu=1,work_moderate=1,polarized,low,too_few_sessions;too_few_usable_sessions;low_total_duration
2025-06-23,2025-06-29,trail_run,1,1,114.6,109.8,3.4,0.0,97.0,3.0,0.0,0.0,0,0.0,0.0,icu=1,easy=1,pyramidal,low,too_few_sessions;too_few_usable_sessions
2025-06-30,2025-07-06,bike,2,2,250.0,231.1,18.1,0.0,92.7,7.3,0.0,0.0,0,0.0,0.0,icu=2,easy=2,pyramidal,moderate,minimum_weekly_support
2025-06-30,2025-07-06,road_run,1,1,75.7,48.6,23.4,3.2,64.6,31.1,4.3,35.9,3,27.6,9.0,icu=1,work_steady=1,pyramidal,low,too_few_sessions;too_few_usable_sessions;low_total_duration
2025-06-30,2025-07-06,trail_run,1,1,90.9,73.4,14.8,1.6,81.7,16.5,1.8,10.0,3,3.5,16.0,icu=1,work_intense=1,pyramidal,low,too_few_sessions;too_few_usable_sessions
2025-07-07,2025-07-13,bike,3,3,430.9,369.8,59.3,0.5,86.1,13.8,0.1,47.2,5,15.9,1.1,icu=3,easy=1;work_moderate=1;work_steady=1,pyramidal,high,
2025-07-07,2025-07-13,trail_run,1,1,155.7,100.1,48.2,3.6,65.9,31.7,2.4,21.7,5,6.3,10.0,icu=1,work_steady=1,pyramidal,low,too_few_sessions;too_few_usable_sessions
2025-07-14,2025-07-20,bike,1,1,181.1,131.9,46.2,2.7,73.0,25.6,1.5,39.7,4,24.2,4.0,icu=1,work_steady=1,pyramidal,low,too_few_sessions;too_few_usable_sessions
2025-07-14,2025-07-20,road_run,1,1,89.0,70.5,17.9,0.0,79.8,20.2,0.0,32.1,3,16.7,0.0,icu=1,work_steady=1,pyramidal,low,too_few_sessions;too_few_usable_sessions;low_total_duration
2025-07-14,2025-07-20,trail_run,1,1,127.3,80.2,37.5,7.6,64.0,29.9,6.1,37.5,6,13.9,19.0,icu=1,work_intense=1,pyramidal,low,too_few_sessions;too_few_usable_sessions
2025-07-21,2025-07-27,bike,3,3,706.6,659.7,45.9,0.6,93.4,6.5,0.1,42.2,4,21.1,1.5,icu=3,work_steady=1;work_moderate=1;easy=1,pyramidal,high,
2025-07-21,2025-07-27,trail_run,2,2,271.3,242.9,26.9,0.9,89.7,9.9,0.3,28.0,3,15.9,1.9,icu=2,work_steady=1;finish_strong=1,pyramidal,moderate,minimum_weekly_support
2025-07-28,2025-08-03,bike,1,1,109.2,64.0,43.1,1.7,58.8,39.6,1.6,33.6,4,13.9,0.0,icu=1,work_steady=1,pyramidal,low,too_few_sessions;too_few_usable_sessions
2025-07-28,2025-08-03,road_run,1,1,58.5,58.2,0.2,0.0,99.7,0.3,0.0,0.0,0,0.0,0.0,icu=1,finish_strong=1,pyramidal,low,too_few_sessions;too_few_usable_sessions;low_total_duration
2025-07-28,2025-08-03,trail_run,1,1,111.5,64.4,44.8,0.9,58.5,40.7,0.8,46.9,5,19.6,2.0,icu=1,work_steady=1,pyramidal,low,too_few_sessions;too_few_usable_sessions
2025-08-04,2025-08-10,bike,2,2,302.5,270.1,31.2,0.0,89.6,10.4,0.0,21.7,4,8.4,0.0,icu=2,easy=1;work_moderate=1,pyramidal,moderate,minimum_weekly_support
2025-08-04,2025-08-10,road_run,1,1,83.6,76.8,6.4,0.0,92.3,7.7,0.0,6.6,1,6.6,0.0,icu=1,work_moderate=1,pyramidal,low,too_few_sessions;too_few_usable_sessions;low_total_duration
2025-08-04,2025-08-10,trail_run,2,2,161.0,136.9,22.2,0.1,86.0,13.9,0.1,17.4,5,4.0,0.0,icu=2,work_moderate=1;easy=1,pyramidal,moderate,minimum_weekly_support
2025-08-11,2025-08-17,bike,1,1,168.9,114.7,51.1,2.9,68.0,30.3,1.7,54.9,5,27.1,5.0,icu=1,work_steady=1,pyramidal,low,too_few_sessions;too_few_usable_sessions
2025-08-11,2025-08-17,trail_run,1,1,110.2,71.5,35.8,0.2,66.5,33.3,0.2,34.9,5,11.3,0.0,icu=1,work_steady=1,pyramidal,low,too_few_sessions;too_few_usable_sessions
2025-08-18,2025-08-24,bike,2,2,258.5,236.5,20.9,0.8,91.6,8.1,0.3,8.6,1,8.6,6.0,icu=2,work_moderate=1;easy=1,pyramidal,moderate,minimum_weekly_support
2025-08-18,2025-08-24,trail_run,1,1,91.9,61.2,25.3,3.3,68.2,28.2,3.7,17.8,4,7.0,18.0,icu=1,work_intense=1,pyramidal,low,too_few_sessions;too_few_usable_sessions
2025-08-25,2025-08-31,bike,4,4,681.5,605.7,58.9,15.1,89.1,8.7,2.2,37.8,7,10.7,26.2,icu=4,easy=2;work_moderate=1;work_intense=1,pyramidal,high,
2025-08-25,2025-08-31,trail_run,2,2,222.2,205.3,16.0,0.0,92.8,7.2,0.0,17.5,3,6.9,0.0,icu=2,work_moderate=1;easy=1,pyramidal,moderate,minimum_weekly_support
2025-09-01,2025-09-07,bike,3,3,442.9,341.6,96.8,2.2,77.5,22.0,0.5,92.2,10,15.1,2.3,icu=3,work_steady=2;easy=1,pyramidal,high,
2025-09-01,2025-09-07,trail_run,3,3,276.9,147.1,102.2,26.4,53.4,37.1,9.6,117.3,19,13.8,22.8,icu=3,work_steady=2;work_intense=1,pyramidal,high,
2025-09-08,2025-09-14,bike,1,1,172.3,161.8,10.0,0.0,94.2,5.8,0.0,7.6,2,4.4,0.0,icu=1,work_moderate=1,pyramidal,low,too_few_sessions;too_few_usable_sessions
2025-09-08,2025-09-14,road_run,1,1,81.2,56.5,8.4,15.9,69.9,10.4,19.7,23.9,3,12.3,66.0,icu=1,work_intense=1,mixed,low,too_few_sessions;too_few_usable_sessions;low_total_duration
2025-09-08,2025-09-14,trail_run,3,3,362.7,199.4,133.3,26.8,55.5,37.1,7.5,146.1,22,14.9,18.3,icu=3,work_intense=2;work_steady=1,pyramidal,high,
2025-09-15,2025-09-21,hike,2,2,674.7,653.2,2.1,0.0,99.7,0.3,0.0,0.0,0,0.0,0.0,icu=2,easy=1;finish_strong=1,pyramidal,moderate,minimum_weekly_support
2025-09-22,2025-09-28,bike,1,1,157.4,144.2,12.9,0.0,91.8,8.2,0.0,9.5,1,9.5,0.0,icu=1,work_moderate=1,pyramidal,low,too_few_sessions;too_few_usable_sessions
2025-09-22,2025-09-28,hike,3,3,1228.5,1185.9,1.3,0.0,99.9,0.1,0.0,0.0,0,0.0,0.0,icu=3,easy=3,pyramidal,high,
2025-09-22,2025-09-28,road_run,1,1,68.6,43.6,16.9,7.5,64.1,24.9,11.0,24.9,1,24.9,30.0,icu=1,work_intense=1,pyramidal,low,too_few_sessions;too_few_usable_sessions;low_total_duration
2025-09-29,2025-10-05,bike,2,2,248.5,196.7,42.4,9.3,79.2,17.1,3.7,41.0,6,16.6,23.0,icu=2,work_intense=1;easy=1,pyramidal,moderate,minimum_weekly_support
2025-09-29,2025-10-05,trail_run,3,3,285.6,221.3,50.9,9.6,78.5,18.1,3.4,52.1,8,12.6,18.9,icu=3,easy=1;work_intense=1;work_moderate=1,pyramidal,high,
2025-10-06,2025-10-12,bike,2,2,276.9,254.6,21.6,0.0,92.2,7.8,0.0,18.9,4,5.3,0.0,icu=2,easy=1;work_moderate=1,pyramidal,moderate,minimum_weekly_support
2025-10-06,2025-10-12,elliptical,1,1,60.0,58.5,1.5,0.0,97.5,2.5,0.0,0.0,0,0.0,0.0,icu=1,finish_strong=1,pyramidal,low,too_few_sessions;too_few_usable_sessions;low_total_duration
2025-10-06,2025-10-12,hike,1,1,134.4,123.4,11.0,0.0,91.8,8.2,0.0,9.1,2,4.8,0.0,icu=1,work_moderate=1,pyramidal,low,too_few_sessions;too_few_usable_sessions
2025-10-06,2025-10-12,road_run,1,1,89.8,16.2,71.7,1.5,18.1,80.2,1.7,76.1,1,76.1,2.0,icu=1,work_steady=1,threshold,low,too_few_sessions;too_few_usable_sessions;low_total_duration
2025-10-13,2025-10-19,bike,2,2,286.0,232.1,53.2,0.2,81.3,18.6,0.1,44.0,5,15.7,0.6,icu=2,work_moderate=1;work_steady=1,pyramidal,moderate,minimum_weekly_support
2025-10-13,2025-10-19,road_run,1,1,130.7,84.7,45.4,0.2,65.0,34.8,0.2,41.9,4,18.4,1.0,icu=1,work_steady=1,pyramidal,low,too_few_sessions;too_few_usable_sessions
2025-10-13,2025-10-19,trail_run,1,1,129.9,89.0,40.8,0.0,68.6,31.4,0.0,46.2,4,19.8,0.0,icu=1,work_steady=1,pyramidal,low,too_few_sessions;too_few_usable_sessions
2025-10-20,2025-10-26,bike,1,1,93.4,58.4,34.9,0.0,62.6,37.4,0.0,36.5,4,16.3,0.0,icu=1,work_steady=1,pyramidal,low,too_few_sessions;too_few_usable_sessions
2025-10-20,2025-10-26,elliptical,2,2,138.0,128.8,9.1,0.0,93.4,6.6,0.0,13.9,2,10.2,0.0,icu=2,easy=1;work_moderate=1,pyramidal,moderate,minimum_weekly_support
2025-10-20,2025-10-26,road_run,1,1,92.0,85.9,5.8,0.0,93.7,6.3,0.0,14.7,3,5.5,0.0,icu=1,work_moderate=1,pyramidal,low,too_few_sessions;too_few_usable_sessions
2025-10-27,2025-11-02,bike,1,1,95.1,64.2,30.5,0.0,67.8,32.2,0.0,33.2,4,14.8,0.0,icu=1,work_steady=1,pyramidal,low,too_few_sessions;too_few_usable_sessions
2025-10-27,2025-11-02,trail_run,2,2,236.6,201.9,32.4,0.8,85.9,13.8,0.3,18.1,4,6.5,0.0,icu=2,easy=1;work_moderate=1,pyramidal,moderate,minimum_weekly_support
2025-11-03,2025-11-09,bike,2,2,310.2,182.7,105.1,21.7,59.0,34.0,7.0,112.9,13,19.0,17.8,icu=2,work_intense=1;work_steady=1,pyramidal,moderate,minimum_weekly_support
2025-11-03,2025-11-09,road_run,1,1,33.6,19.0,2.1,12.0,57.4,6.3,36.3,12.8,1,12.8,91.0,icu=1,work_intense=1,mixed,low,too_few_sessions;too_few_usable_sessions;low_total_duration
2025-11-03,2025-11-09,trail_run,1,1,68.4,50.5,17.8,0.0,73.9,26.1,0.0,4.2,1,4.2,0.0,icu=1,easy=1,pyramidal,low,too_few_sessions;too_few_usable_sessions;low_total_duration
2025-11-10,2025-11-16,bike,2,2,238.0,156.1,76.4,5.0,65.7,32.2,2.1,73.4,5,29.8,6.4,icu=2,work_steady=2,pyramidal,moderate,minimum_weekly_support
2025-11-10,2025-11-16,road_run,1,1,135.1,133.9,0.1,0.0,99.9,0.1,0.0,0.0,0,0.0,0.0,icu=1,easy=1,pyramidal,low,too_few_sessions;too_few_usable_sessions
2025-11-10,2025-11-16,trail_run,2,2,166.0,115.0,27.8,21.8,69.9,16.9,13.2,42.7,7,9.9,50.9,icu=2,work_intense=2,pyramidal,moderate,minimum_weekly_support
2025-11-17,2025-11-23,bike,2,2,264.2,181.2,80.9,1.3,68.8,30.7,0.5,76.4,5,21.3,1.7,icu=2,work_steady=2,pyramidal,moderate,minimum_weekly_support
2025-11-17,2025-11-23,elliptical,1,1,80.0,79.7,0.3,0.0,99.6,0.4,0.0,0.0,0,0.0,0.0,icu=1,easy=1,pyramidal,low,too_few_sessions;too_few_usable_sessions;low_total_duration
2025-11-17,2025-11-23,road_run,1,1,58.0,36.4,9.8,11.6,63.0,17.0,20.1,21.3,4,6.9,54.0,icu=1,work_intense=1,mixed,low,too_few_sessions;too_few_usable_sessions;low_total_duration
2025-11-17,2025-11-23,trail_run,1,1,138.2,112.0,25.0,0.0,81.8,18.2,0.0,27.4,2,23.5,0.0,icu=1,work_steady=1,pyramidal,low,too_few_sessions;too_few_usable_sessions
2025-11-24,2025-11-30,bike,1,1,144.2,136.7,7.0,0.0,95.1,4.9,0.0,4.0,1,4.0,0.0,icu=1,easy=1,pyramidal,low,too_few_sessions;too_few_usable_sessions
2025-11-24,2025-11-30,elliptical,1,1,61.9,61.9,0.0,0.0,100.0,0.0,0.0,0.0,0,0.0,0.0,icu=1,finish_strong=1,mixed,low,too_few_sessions;too_few_usable_sessions;low_total_duration
2025-11-24,2025-11-30,road_run,3,3,199.5,158.3,22.8,18.1,79.5,11.4,9.1,43.4,6,19.0,41.7,icu=3,work_intense=2;easy=1,pyramidal,high,
2025-11-24,2025-11-30,trail_run,1,1,63.5,62.5,0.7,0.0,98.9,1.1,0.0,0.0,0,0.0,0.0,icu=1,easy=1,pyramidal,low,too_few_sessions;too_few_usable_sessions;low_total_duration
2025-12-01,2025-12-07,bike,2,2,284.0,267.9,15.3,0.0,94.6,5.4,0.0,6.7,2,3.5,0.0,icu=2,work_moderate=1;easy=1,pyramidal,moderate,minimum_weekly_support
2025-12-01,2025-12-07,elliptical,1,1,73.0,73.0,0.0,0.0,100.0,0.0,0.0,0.0,0,0.0,0.0,icu=1,easy=1,mixed,low,too_few_sessions;too_few_usable_sessions;low_total_duration
2025-12-08,2025-12-14,elliptical,1,1,46.0,46.1,0.0,0.0,100.0,0.0,0.0,0.0,0,0.0,0.0,icu=1,easy=1,mixed,low,too_few_sessions;too_few_usable_sessions;low_total_duration
2025-12-08,2025-12-14,road_run,2,2,129.0,106.7,22.0,0.0,82.9,17.1,0.0,20.6,3,8.3,0.0,icu=2,easy=1;work_steady=1,pyramidal,moderate,minimum_weekly_support
2025-12-15,2025-12-21,bike,3,3,321.5,287.6,32.8,0.0,89.8,10.2,0.0,35.7,8,6.2,0.0,icu=3,work_moderate=2;easy=1,pyramidal,high,
2025-12-15,2025-12-21,road_run,2,2,117.4,114.9,2.0,0.0,98.3,1.7,0.0,0.0,0,0.0,0.0,icu=2,easy=2,pyramidal,moderate,minimum_weekly_support
2025-12-15,2025-12-21,trail_run,1,1,63.3,57.6,5.5,0.0,91.3,8.7,0.0,0.0,0,0.0,0.0,icu=1,easy=1,pyramidal,low,too_few_sessions;too_few_usable_sessions;low_total_duration
2025-12-22,2025-12-28,road_run,1,1,100.3,99.5,0.4,0.0,99.6,0.4,0.0,0.0,0,0.0,0.0,icu=1,easy=1,pyramidal,low,too_few_sessions;too_few_usable_sessions
2025-12-29,2026-01-04,bike,1,1,193.6,126.5,65.7,0.6,65.6,34.1,0.3,54.9,6,20.8,0.0,icu=1,work_steady=1,pyramidal,low,too_few_sessions;too_few_usable_sessions
2025-12-29,2026-01-04,trail_run,1,1,115.3,103.4,9.1,0.0,91.9,8.1,0.0,4.0,1,4.0,0.0,icu=1,easy=1,pyramidal,low,too_few_sessions;too_few_usable_sessions
2026-01-05,2026-01-11,elliptical,1,1,35.4,35.4,0.0,0.0,100.0,0.0,0.0,0.0,0,0.0,0.0,icu=1,easy=1,mixed,low,too_few_sessions;too_few_usable_sessions;low_total_duration
2026-01-05,2026-01-11,road_run,1,1,31.1,28.6,2.2,0.0,92.9,7.1,0.0,0.0,0,0.0,0.0,icu=1,easy=1,pyramidal,low,too_few_sessions;too_few_usable_sessions;low_total_duration
2026-01-12,2026-01-18,elliptical,2,2,86.0,78.0,8.0,0.0,90.7,9.3,0.0,3.1,1,3.1,0.0,icu=2,easy=2,pyramidal,low,minimum_weekly_support;low_total_duration
2026-01-12,2026-01-18,trail_run,1,1,77.5,76.2,1.2,0.0,98.4,1.6,0.0,0.0,0,0.0,0.0,icu=1,easy=1,pyramidal,low,too_few_sessions;too_few_usable_sessions;low_total_duration
2026-01-19,2026-01-25,bike,1,1,131.1,97.5,31.2,2.0,74.6,23.9,1.5,21.7,4,6.2,6.0,icu=1,work_steady=1,pyramidal,low,too_few_sessions;too_few_usable_sessions
2026-01-19,2026-01-25,elliptical,2,2,96.3,83.5,12.8,0.0,86.7,13.3,0.0,14.3,2,7.4,0.0,icu=2,work_moderate=1;finish_strong=1,pyramidal,moderate,minimum_weekly_support
2026-01-19,2026-01-25,road_run,2,2,74.6,44.0,29.4,0.0,59.9,40.1,0.0,38.2,4,15.8,0.0,icu=2,work_moderate=1;work_steady=1,pyramidal,low,minimum_weekly_support;low_total_duration
2026-01-19,2026-01-25,trail_run,1,1,68.4,39.6,27.9,0.8,58.0,40.8,1.2,23.7,3,12.3,3.0,icu=1,work_steady=1,pyramidal,low,too_few_sessions;too_few_usable_sessions;low_total_duration
2026-01-26,2026-02-01,bike,1,1,122.2,120.7,1.2,0.0,99.0,1.0,0.0,0.0,0,0.0,0.0,icu=1,easy=1,pyramidal,low,too_few_sessions;too_few_usable_sessions
2026-01-26,2026-02-01,elliptical,1,1,60.0,43.0,6.4,10.7,71.5,10.6,17.8,16.9,4,4.8,63.0,icu=1,work_intense=1,polarized,low,too_few_sessions;too_few_usable_sessions;low_total_duration
2026-01-26,2026-02-01,road_run,1,1,75.1,73.2,1.5,0.0,98.0,2.0,0.0,0.0,0,0.0,0.0,icu=1,easy=1,pyramidal,low,too_few_sessions;too_few_usable_sessions;low_total_duration
2026-01-26,2026-02-01,trail_run,2,2,135.7,106.2,29.4,0.0,78.3,21.7,0.0,26.1,5,12.0,0.0,icu=2,work_steady=1;easy=1,pyramidal,moderate,minimum_weekly_support
2026-02-02,2026-02-08,bike,3,3,381.8,376.6,3.8,0.0,99.0,1.0,0.0,4.0,1,4.0,0.0,icu=3,easy=3,pyramidal,high,
2026-02-02,2026-02-08,elliptical,1,1,74.2,47.6,26.6,0.0,64.2,35.8,0.0,37.7,2,31.4,0.0,icu=1,work_steady=1,pyramidal,low,too_few_sessions;too_few_usable_sessions;low_total_duration
2026-02-02,2026-02-08,road_run,1,1,90.8,61.4,24.4,4.6,67.9,27.0,5.1,36.4,5,10.3,12.0,icu=1,work_steady=1,pyramidal,low,too_few_sessions;too_few_usable_sessions
2026-02-02,2026-02-08,trail_run,1,1,76.5,48.3,23.5,4.5,63.3,30.8,5.9,14.5,4,3.8,0.0,icu=1,work_moderate=1,pyramidal,low,too_few_sessions;too_few_usable_sessions;low_total_duration
2026-02-09,2026-02-15,bike,1,1,123.9,116.0,7.3,0.0,94.1,5.9,0.0,0.0,0,0.0,0.0,icu=1,finish_strong=1,pyramidal,low,too_few_sessions;too_few_usable_sessions
2026-02-09,2026-02-15,road_run,1,1,57.6,37.6,19.6,0.0,65.7,34.3,0.0,24.2,4,6.7,0.0,icu=1,work_steady=1,pyramidal,low,too_few_sessions;too_few_usable_sessions;low_total_duration
2026-02-09,2026-02-15,trail_run,1,1,69.2,47.3,21.7,0.2,68.4,31.4,0.3,17.9,2,11.3,1.0,icu=1,work_moderate=1,pyramidal,low,too_few_sessions;too_few_usable_sessions;low_total_duration
2026-02-16,2026-02-22,bike,1,1,136.9,119.3,17.2,0.0,87.4,12.6,0.0,17.7,2,14.3,0.0,icu=1,work_moderate=1,pyramidal,low,too_few_sessions;too_few_usable_sessions
2026-02-16,2026-02-22,trail_run,4,4,270.7,194.8,71.1,4.6,72.0,26.3,1.7,54.1,9,16.8,6.8,icu=4,work_moderate=2;easy=1;work_intense=1,pyramidal,high,
2026-02-23,2026-03-01,bike,1,1,100.0,44.5,54.1,1.0,44.7,54.3,1.0,56.4,4,19.7,2.0,icu=1,work_steady=1,threshold,low,too_few_sessions;too_few_usable_sessions
2026-02-23,2026-03-01,trail_run,3,3,203.7,106.0,78.6,19.1,52.0,38.6,9.4,85.9,11,14.8,22.1,icu=3,work_intense=2;work_moderate=1,pyramidal,high,
2026-03-02,2026-03-08,bike,1,1,122.8,67.9,54.2,0.5,55.4,44.2,0.4,55.7,4,22.2,1.0,icu=1,work_steady=1,pyramidal,low,too_few_sessions;too_few_usable_sessions
2026-03-02,2026-03-08,road_run,1,1,86.3,50.0,35.5,0.0,58.5,41.5,0.0,39.1,4,16.4,0.0,icu=1,work_steady=1,pyramidal,low,too_few_sessions;too_few_usable_sessions;low_total_duration
2026-03-02,2026-03-08,trail_run,2,2,195.7,136.0,54.4,4.9,69.6,27.9,2.5,50.6,9,9.3,9.7,icu=2,work_intense=1;work_steady=1,pyramidal,moderate,minimum_weekly_support
2026-03-09,2026-03-15,bike,4,4,497.0,420.6,70.7,4.2,84.9,14.3,0.8,65.1,4,33.5,6.2,icu=4,easy=2;work_moderate=1;work_steady=1,pyramidal,high,
2026-03-09,2026-03-15,road_run,1,1,85.5,45.3,29.5,9.2,53.9,35.1,11.0,40.0,5,12.4,22.0,icu=1,work_intense=1,pyramidal,low,too_few_sessions;too_few_usable_sessions;low_total_duration
2026-03-09,2026-03-15,trail_run,1,1,64.7,38.5,25.3,0.9,59.5,39.1,1.4,23.2,2,14.3,4.0,icu=1,work_steady=1,pyramidal,low,too_few_sessions;too_few_usable_sessions;low_total_duration
2026-03-16,2026-03-22,bike,2,2,372.8,357.1,15.2,0.0,95.9,4.1,0.0,12.9,3,5.3,0.0,icu=2,work_moderate=1;easy=1,pyramidal,moderate,minimum_weekly_support
2026-03-16,2026-03-22,trail_run,3,3,253.9,174.5,73.8,5.3,68.8,29.1,2.1,62.9,9,13.6,8.5,icu=3,work_moderate=2;work_steady=1,pyramidal,high,
2026-03-23,2026-03-29,bike,1,1,132.2,129.7,2.3,0.0,98.3,1.7,0.0,0.0,0,0.0,0.0,icu=1,easy=1,pyramidal,low,too_few_sessions;too_few_usable_sessions
2026-03-23,2026-03-29,road_run,2,2,120.8,86.5,17.7,15.5,72.3,14.8,12.9,26.8,6,5.3,57.5,icu=2,work_intense=1;easy=1,pyramidal,moderate,minimum_weekly_support
2026-03-23,2026-03-29,trail_run,1,1,64.4,9.8,40.9,13.8,15.2,63.4,21.4,57.7,4,19.0,24.0,icu=1,work_intense=1,threshold,low,too_few_sessions;too_few_usable_sessions;low_total_duration
2026-03-30,2026-04-05,bike,2,2,275.9,169.6,86.8,19.4,61.5,31.5,7.0,100.7,11,33.9,19.3,icu=2,work_intense=1;work_steady=1,pyramidal,moderate,minimum_weekly_support
2026-03-30,2026-04-05,road_run,1,1,77.1,72.0,5.1,0.0,93.4,6.6,0.0,0.0,0,0.0,0.0,icu=1,easy=1,pyramidal,low,too_few_sessions;too_few_usable_sessions;low_total_duration
2026-04-06,2026-04-12,bike,2,2,315.8,260.0,26.1,29.3,82.4,8.3,9.3,36.8,2,25.5,80.0,icu=2,easy=1;work_intense=1,polarized,moderate,minimum_weekly_support
2026-04-06,2026-04-12,trail_run,3,3,235.4,193.7,28.3,13.3,82.3,12.0,5.7,36.0,5,13.5,35.0,icu=3,work_intense=2;easy=1,pyramidal,high,
2026-04-13,2026-04-19,bike,3,3,438.9,431.3,7.2,0.0,98.4,1.6,0.0,4.5,1,4.5,0.0,icu=3,easy=3,pyramidal,high,
2026-04-13,2026-04-19,elliptical,1,1,45.2,45.2,0.0,0.0,100.0,0.0,0.0,0.0,0,0.0,0.0,icu=1,finish_strong=1,mixed,low,too_few_sessions;too_few_usable_sessions;low_total_duration
2026-04-13,2026-04-19,road_run,1,1,50.8,31.7,10.8,8.2,62.5,21.3,16.2,17.4,3,6.2,42.0,icu=1,work_intense=1,pyramidal,low,too_few_sessions;too_few_usable_sessions;low_total_duration
2026-04-13,2026-04-19,trail_run,1,1,93.7,47.0,17.1,29.5,50.2,18.3,31.5,47.7,5,13.8,62.0,icu=1,work_intense=1,mixed,low,too_few_sessions;too_few_usable_sessions
2026-04-20,2026-04-26,bike,2,2,283.4,282.8,0.5,0.0,99.8,0.2,0.0,0.0,0,0.0,0.0,icu=2,easy=2,pyramidal,moderate,minimum_weekly_support
2026-04-20,2026-04-26,road_run,1,1,62.4,19.9,42.1,0.0,32.1,67.9,0.0,43.6,2,22.7,0.0,icu=1,work_steady=1,threshold,low,too_few_sessions;too_few_usable_sessions;low_total_duration
2026-04-20,2026-04-26,trail_run,2,2,166.1,133.5,22.3,10.4,80.3,13.4,6.3,34.2,5,11.4,28.0,icu=2,work_intense=1;easy=1,pyramidal,moderate,minimum_weekly_support
2026-04-27,2026-05-03,bike,2,2,268.5,230.4,37.9,0.0,85.9,14.1,0.0,34.8,7,6.6,0.0,icu=2,work_moderate=1;work_steady=1,pyramidal,moderate,minimum_weekly_support
2026-04-27,2026-05-03,elliptical,1,1,79.9,80.0,0.0,0.0,100.0,0.0,0.0,0.0,0,0.0,0.0,icu=1,easy=1,mixed,low,too_few_sessions;too_few_usable_sessions;low_total_duration
2026-04-27,2026-05-03,road_run,1,1,58.5,27.5,9.7,20.9,47.3,16.7,36.0,30.9,5,6.6,68.0,icu=1,work_intense=1,mixed,low,too_few_sessions;too_few_usable_sessions;low_total_duration
2026-04-27,2026-05-03,trail_run,2,2,209.6,165.4,43.7,0.3,79.0,20.9,0.1,30.8,3,21.2,0.0,icu=2,work_steady=1;easy=1,pyramidal,moderate,minimum_weekly_support
2026-05-04,2026-05-10,bike,2,2,279.2,237.2,38.8,3.2,85.0,13.9,1.1,41.8,5,23.3,7.9,icu=2,work_moderate=1;work_steady=1,pyramidal,moderate,minimum_weekly_support
2026-05-04,2026-05-10,road_run,2,2,149.4,80.5,43.3,25.5,53.9,29.0,17.1,75.4,8,20.0,33.9,icu=2,work_intense=1;work_steady=1,pyramidal,moderate,minimum_weekly_support
2026-05-11,2026-05-17,bike,1,1,151.2,148.7,2.4,0.0,98.4,1.6,0.0,0.0,0,0.0,0.0,icu=1,easy=1,pyramidal,low,too_few_sessions;too_few_usable_sessions
2026-05-11,2026-05-17,road_run,2,2,128.9,28.5,29.2,71.2,22.1,22.7,55.2,103.5,6,48.1,68.9,icu=2,work_intense=2,mixed,moderate,minimum_weekly_support
