Fecha,n_sessions,total_duration_min,has_aerobic,has_strength,has_mobility,load_day,work_total_min_day,work_n_blocks_day,z3_min_day,hr_max_day,hr_p95_max_day,late_intensity_day,cardiac_drift_worst,elev_gain_day,elev_loss_day,strength_min_day,mobility_min_day,rpe_max_day,effort_above_typical_aerobic,effort_above_typical_strength,effort_above_anchor_aerobic,n_with_rpe,n_with_notes,elev_density_day,z3_7d_sum,z3_7d_nobs,work_7d_sum,work_7d_nobs,finish_strong_7d_count,load_3d,load_3d_nobs,elev_loss_7d_sum
2025-05-12,1.0,81.3,0.0,1.0,0.0,17.0,0.0,0.0,0.0,,,0.0,,,,81.3,0.0,,0.0,0.0,0.0,0.0,0.0,,,0,,0,,,0,
2025-05-13,1.0,85.0,1.0,0.0,0.0,57.0,0.0,0.0,0.0,148.0,137.0,0.0,0.5,262.0,264.0,0.0,0.0,,0.0,0.0,0.0,0.0,0.0,46.1,0.0,1,0.0,1,0.0,17.0,1,0.0
2025-05-14,1.0,112.8,1.0,0.0,0.0,102.0,58.1,5.0,24.2,169.0,164.0,0.0,-15.6,768.0,756.0,0.0,0.0,,0.0,0.0,1.0,0.0,0.0,44.4,0.0,2,0.0,2,0.0,74.0,2,264.0
2025-05-15,3.0,122.6,1.0,1.0,0.0,41.0,0.0,0.0,0.0,133.0,124.0,1.0,-2.5,,,77.2,0.0,,0.0,0.0,0.0,0.0,0.0,,24.2,3,58.1,3,0.0,176.0,3,1020.0
2025-05-16,2.0,100.6,1.0,0.0,0.0,94.0,43.8,4.0,3.4,166.0,161.0,0.0,18.0,577.0,599.0,0.0,0.0,,0.0,0.0,1.0,0.0,0.0,107.0,24.2,4,58.1,4,1.0,200.0,3,1020.0
2025-05-17,1.0,62.9,1.0,0.0,0.0,35.0,4.8,1.0,0.0,149.0,138.0,0.0,-4.3,,,0.0,0.0,,0.0,0.0,1.0,0.0,0.0,,27.6,5,101.9,5,1.0,237.0,3,1619.0
2025-05-18,1.0,298.0,1.0,0.0,0.0,179.0,38.4,6.0,5.5,167.0,148.0,0.0,14.5,644.0,663.0,0.0,0.0,,0.0,0.0,1.0,0.0,0.0,12.5,27.6,6,106.7,6,1.0,170.0,3,1619.0
2025-05-19,1.0,60.6,0.0,1.0,0.0,11.0,0.0,0.0,0.0,,,0.0,,,,60.6,0.0,,0.0,0.0,0.0,0.0,0.0,,33.1,7,145.1,7,1.0,308.0,3,2282.0
2025-05-20,1.0,81.3,1.0,0.0,0.0,68.0,10.7,2.0,0.0,157.0,152.0,0.0,7.3,302.0,300.0,0.0,0.0,,0.0,0.0,0.0,0.0,0.0,51.1,33.1,7,145.1,7,1.0,225.0,3,2282.0
2025-05-21,1.0,85.8,1.0,0.0,0.0,53.0,0.0,0.0,0.0,147.0,139.0,0.0,,,,0.0,0.0,,0.0,0.0,0.0,0.0,0.0,,33.1,7,155.8,7,1.0,258.0,3,2318.0
2025-05-22,1.0,108.6,0.0,1.0,0.0,31.0,0.0,0.0,0.0,,,0.0,,,,108.6,0.0,,0.0,0.0,0.0,0.0,0.0,,8.9,7,97.7,7,1.0,132.0,3,1562.0
2025-05-23,1.0,284.1,1.0,0.0,0.0,162.0,15.2,2.0,2.4,161.0,143.0,0.0,-16.1,1005.0,1008.0,0.0,0.0,,0.0,0.0,1.0,0.0,0.0,24.7,8.9,7,97.7,7,0.0,152.0,3,1562.0
2025-05-24,1.0,245.1,1.0,0.0,0.0,106.0,7.3,1.0,0.0,151.0,138.0,0.0,-2.4,1189.0,1278.0,0.0,0.0,,0.0,0.0,0.0,0.0,0.0,36.6,7.9,7,69.1,7,0.0,246.0,3,1971.0
2025-05-26,1.0,70.1,1.0,0.0,0.0,49.0,0.0,0.0,0.0,151.0,144.0,0.0,7.2,272.0,268.0,0.0,0.0,,0.0,0.0,0.0,0.0,0.0,55.7,2.4,6,33.2,6,0.0,268.0,2,2586.0
2025-05-27,1.0,74.8,0.0,1.0,0.0,17.0,0.0,0.0,0.0,,,0.0,,,,74.8,0.0,,0.0,0.0,0.0,0.0,0.0,,2.4,6,33.2,6,0.0,155.0,2,2854.0
2025-05-28,1.0,125.4,1.0,0.0,0.0,68.0,0.0,0.0,0.0,147.0,139.0,0.0,8.0,665.0,654.0,0.0,0.0,,0.0,0.0,0.0,0.0,0.0,35.6,2.4,6,22.5,6,0.0,66.0,2,2554.0
2025-05-29,2.0,73.2,1.0,1.0,0.0,34.0,0.0,0.0,0.0,135.0,131.0,0.0,5.2,,,21.8,0.0,,0.0,0.0,1.0,0.0,0.0,,2.4,6,22.5,6,0.0,134.0,3,3208.0
2025-05-30,1.0,60.2,1.0,0.0,0.0,56.0,24.9,5.0,15.9,177.0,175.0,0.0,-53.1,351.0,356.0,0.0,0.0,,0.0,0.0,1.0,0.0,0.0,44.6,2.4,6,22.5,6,0.0,119.0,3,3208.0
2025-05-31,1.0,103.2,1.0,0.0,0.0,75.0,0.0,0.0,0.0,146.0,139.0,0.0,4.8,906.0,914.0,0.0,0.0,,0.0,0.0,0.0,0.0,0.0,120.7,15.9,6,32.2,6,0.0,158.0,3,2556.0
2025-06-01,1.0,157.7,1.0,0.0,0.0,57.0,0.0,0.0,0.0,140.0,127.0,0.0,8.8,208.0,227.0,0.0,0.0,,0.0,0.0,0.0,0.0,0.0,7.5,15.9,6,24.9,6,0.0,165.0,3,2192.0
2025-06-02,1.0,35.6,0.0,1.0,0.0,8.0,0.0,0.0,0.0,,,0.0,,,,35.6,0.0,,0.0,0.0,0.0,0.0,0.0,,15.9,7,24.9,7,0.0,188.0,3,2419.0
2025-06-03,4.0,183.1,1.0,1.0,0.0,63.0,0.0,0.0,0.0,148.0,144.0,0.0,-0.2,,,59.8,0.0,,0.0,0.0,0.0,0.0,0.0,,15.9,7,24.9,7,0.0,140.0,3,2151.0
2025-06-04,2.0,107.0,1.0,0.0,0.0,73.0,0.0,0.0,0.0,154.0,144.0,0.0,0.5,330.0,332.0,0.0,0.0,,0.0,0.0,0.0,0.0,0.0,53.1,15.9,7,24.9,7,0.0,128.0,3,2151.0
2025-06-05,1.0,54.5,0.0,1.0,0.0,0.0,0.0,0.0,0.0,,,0.0,,,,54.5,0.0,,0.0,0.0,0.0,0.0,0.0,,15.9,7,24.9,7,0.0,144.0,3,1829.0
2025-06-10,1.0,91.3,1.0,0.0,0.0,63.0,0.0,0.0,0.0,151.0,144.0,0.0,10.6,,,0.0,0.0,,1.0,0.0,0.0,0.0,0.0,,0.0,3,0.0,3,0.0,,0,332.0
2025-06-11,1.0,71.2,0.0,1.0,0.0,14.0,0.0,0.0,0.0,,,0.0,,,,71.2,0.0,,0.0,0.0,0.0,0.0,0.0,,0.0,3,0.0,3,0.0,63.0,1,332.0
2025-06-12,1.0,60.1,1.0,0.0,0.0,26.0,0.0,0.0,0.0,145.0,127.0,0.0,5.2,,,0.0,0.0,,0.0,0.0,0.0,0.0,0.0,,0.0,3,0.0,3,0.0,77.0,2,0.0
2025-06-13,1.0,62.9,1.0,0.0,0.0,29.0,3.6,1.0,0.0,146.0,136.0,0.0,1.1,,,0.0,0.0,,0.0,0.0,0.0,0.0,0.0,,0.0,3,0.0,3,0.0,103.0,3,0.0
2025-06-14,2.0,99.9,1.0,0.0,0.0,71.0,3.0,1.0,7.7,179.0,163.0,1.0,37.8,328.0,322.0,0.0,0.0,,0.0,0.0,0.0,0.0,0.0,64.7,0.0,4,3.6,4,0.0,69.0,3,0.0
2025-06-16,1.0,94.7,1.0,0.0,0.0,46.0,3.5,1.0,0.0,143.0,139.0,0.0,-7.1,586.0,586.0,0.0,0.0,,0.0,0.0,0.0,0.0,0.0,44.5,7.7,5,6.6,5,1.0,100.0,2,322.0
2025-06-17,2.0,120.4,0.0,1.0,0.0,26.0,0.0,0.0,0.0,,,0.0,,,,120.4,0.0,,0.0,0.0,0.0,0.0,0.0,,7.7,6,10.1,6,1.0,117.0,2,908.0
2025-06-18,1.0,98.0,1.0,0.0,0.0,89.0,78.2,1.0,0.0,154.0,151.0,0.0,3.3,,,0.0,0.0,,1.0,0.0,1.0,0.0,0.0,,7.7,6,10.1,6,1.0,72.0,2,908.0
2025-06-19,1.0,30.1,1.0,0.0,0.0,13.0,0.0,0.0,0.0,140.0,130.0,0.0,,,,0.0,0.0,,0.0,0.0,0.0,0.0,0.0,,7.7,6,88.3,6,1.0,161.0,3,908.0
2025-06-20,1.0,10.2,1.0,0.0,0.0,2.0,0.0,0.0,0.0,162.0,150.3,0.0,,,,0.0,0.0,,0.0,0.0,0.0,0.0,0.0,,7.7,6,88.3,6,1.0,128.0,3,908.0
2025-06-21,1.0,75.1,0.0,1.0,0.0,14.0,0.0,0.0,0.0,,,0.0,,,,75.1,0.0,,0.0,0.0,0.0,0.0,0.0,,7.7,6,84.7,6,1.0,104.0,3,908.0
2025-06-22,1.0,76.4,1.0,0.0,0.0,63.0,5.3,1.0,2.2,170.0,159.0,0.0,11.0,287.0,283.0,0.0,0.0,,1.0,0.0,0.0,0.0,0.0,58.9,0.0,6,81.7,6,0.0,29.0,3,586.0
2025-06-23,1.0,180.5,1.0,0.0,0.0,102.0,10.5,2.0,0.0,157.0,145.0,0.0,-31.9,896.0,893.0,0.0,0.0,,0.0,0.0,0.0,0.0,0.0,29.5,2.2,7,87.0,7,0.0,79.0,3,869.0
2025-06-24,1.0,117.1,1.0,0.0,0.0,61.0,0.0,0.0,0.0,160.0,135.0,0.0,1.2,236.0,232.0,0.0,0.0,,0.0,0.0,0.0,0.0,0.0,30.6,2.2,7,94.0,7,0.0,179.0,3,1176.0
2025-06-25,1.0,50.1,1.0,0.0,0.0,13.0,0.0,0.0,0.0,126.0,119.0,0.0,5.7,115.0,146.0,0.0,0.0,,0.0,0.0,0.0,0.0,0.0,62.0,2.2,7,94.0,7,0.0,226.0,3,1408.0
2025-06-26,2.0,77.0,1.0,1.0,0.0,19.0,5.9,1.0,3.4,182.0,178.0,0.0,,,,27.1,0.0,,0.0,0.0,0.0,0.0,0.0,,2.2,7,15.8,7,0.0,176.0,3,1554.0
2025-06-28,1.0,451.4,1.0,0.0,0.0,259.0,11.6,3.0,0.0,153.0,145.0,0.0,-9.4,2171.0,1405.0,0.0,0.0,,0.0,0.0,0.0,0.0,0.0,155.2,5.6,6,21.7,6,0.0,32.0,2,1554.0
2025-06-29,1.0,406.9,1.0,0.0,0.0,179.0,6.7,2.0,0.0,149.0,139.0,1.0,26.5,1947.0,1651.0,0.0,0.0,,0.0,0.0,0.0,0.0,0.0,38.7,5.6,6,33.3,6,0.0,278.0,2,2959.0
2025-07-01,2.0,118.9,1.0,1.0,0.0,34.0,3.6,1.0,0.3,153.0,138.0,0.0,-11.2,,,86.5,0.0,,1.0,0.0,1.0,0.0,0.0,,3.4,5,24.2,5,1.0,438.0,2,3434.0
2025-07-02,1.0,91.2,1.0,0.0,0.0,72.0,10.0,3.0,1.6,168.0,157.0,0.0,10.5,348.0,346.0,0.0,0.0,,0.0,0.0,0.0,0.0,0.0,57.3,3.7,5,27.8,5,1.0,213.0,2,3202.0
2025-07-03,1.0,103.0,1.0,0.0,0.0,52.0,0.0,0.0,0.0,143.0,139.0,0.0,0.2,596.0,583.0,0.0,0.0,,0.0,0.0,0.0,0.0,0.0,43.0,5.3,5,37.8,5,1.0,106.0,2,3402.0
2025-07-04,2.0,122.0,1.0,1.0,0.0,40.0,0.0,0.0,0.0,135.0,128.0,0.0,-14.6,,,61.8,0.0,,0.0,0.0,0.0,0.0,0.0,,1.9,5,31.9,5,1.0,158.0,3,3985.0
2025-07-05,1.0,79.2,1.0,0.0,0.0,65.0,35.9,3.0,3.2,169.0,150.0,0.0,5.5,,,0.0,0.0,,1.0,0.0,1.0,0.0,0.0,,1.9,6,31.9,6,1.0,164.0,3,3985.0
2025-07-06,1.0,165.8,1.0,0.0,0.0,94.0,0.0,0.0,0.0,154.0,144.0,0.0,-20.5,387.0,393.0,0.0,0.0,,0.0,0.0,1.0,0.0,0.0,12.1,5.1,6,56.2,6,1.0,157.0,3,2580.0
2025-07-08,1.0,161.5,1.0,0.0,0.0,134.0,21.7,5.0,3.6,166.0,160.0,0.0,12.3,610.0,606.0,0.0,0.0,,1.0,0.0,0.0,0.0,0.0,71.4,5.1,6,49.5,6,0.0,159.0,2,1322.0
2025-07-09,1.0,145.3,1.0,0.0,0.0,54.0,0.0,0.0,0.0,150.0,124.0,0.0,1.3,213.0,186.0,0.0,0.0,,0.0,0.0,0.0,0.0,0.0,7.8,8.4,6,67.6,6,0.0,228.0,2,1928.0
2025-07-10,1.0,71.1,0.0,1.0,0.0,28.0,0.0,0.0,0.0,,,0.0,,,,71.1,0.0,,0.0,0.0,0.0,0.0,0.0,,6.8,6,57.6,6,0.0,188.0,2,1768.0
2025-07-11,1.0,102.8,1.0,0.0,0.0,61.0,16.6,2.0,0.5,158.0,150.0,0.0,-5.4,629.0,648.0,0.0,0.0,,0.0,0.0,0.0,0.0,0.0,41.8,6.8,6,57.6,6,0.0,216.0,3,1185.0
2025-07-13,1.0,202.1,1.0,0.0,0.0,127.0,30.6,3.0,0.0,155.0,149.0,0.0,-6.2,653.0,663.0,0.0,0.0,,0.0,0.0,1.0,0.0,0.0,17.1,4.1,5,38.3,5,0.0,89.0,2,1833.0
2025-07-14,2.0,123.4,1.0,1.0,0.0,40.0,0.0,0.0,0.0,133.0,122.0,0.0,51.0,,,62.4,0.0,,0.0,0.0,0.0,0.0,0.0,,4.1,5,68.9,5,0.0,188.0,2,2103.0
2025-07-15,1.0,91.6,1.0,0.0,0.0,72.0,32.1,3.0,0.0,149.0,146.0,0.0,8.0,,,0.0,0.0,,1.0,0.0,1.0,0.0,0.0,,4.1,6,68.9,6,0.0,167.0,2,2103.0
2025-07-16,1.0,66.5,0.0,1.0,0.0,13.0,0.0,0.0,0.0,,,0.0,,,,66.5,0.0,,0.0,0.0,0.0,0.0,0.0,,0.5,6,79.3,6,0.0,239.0,3,1497.0
2025-07-17,1.0,61.8,1.0,0.0,0.0,31.0,0.0,0.0,0.0,145.0,134.0,0.0,-4.4,,,0.0,0.0,,0.0,0.0,1.0,0.0,0.0,,0.5,6,79.3,6,0.0,125.0,3,1311.0
2025-07-19,1.0,186.7,1.0,0.0,0.0,127.0,39.7,4.0,2.7,163.0,152.0,0.0,-25.6,912.0,926.0,0.0,0.0,,1.0,0.0,1.0,0.0,0.0,29.0,0.0,5,62.7,5,0.0,44.0,2,663.0
2025-07-20,1.0,129.0,1.0,0.0,0.0,115.0,37.5,6.0,7.6,169.0,162.0,0.0,28.6,510.0,507.0,0.0,0.0,,1.0,0.0,1.0,0.0,0.0,74.2,2.7,6,102.4,6,0.0,158.0,2,1589.0
2025-07-22,1.0,240.6,1.0,0.0,0.0,137.0,26.9,2.0,0.0,152.0,141.0,0.0,-8.5,460.0,449.0,0.0,0.0,,0.0,0.0,1.0,0.0,0.0,9.9,10.3,5,109.3,5,0.0,242.0,2,1433.0
2025-07-23,1.0,152.5,1.0,0.0,0.0,101.0,23.1,2.0,0.1,162.0,152.0,1.0,-1.1,160.0,160.0,0.0,0.0,,0.0,0.0,0.0,0.0,0.0,15.9,10.3,5,104.1,5,0.0,252.0,2,1882.0
2025-07-25,1.0,292.7,1.0,0.0,0.0,148.0,15.3,2.0,0.6,160.0,143.0,1.0,-3.1,617.0,622.0,0.0,0.0,,0.0,0.0,0.0,0.0,0.0,12.9,10.4,4,127.2,4,1.0,238.0,2,2042.0
2025-07-26,1.0,122.2,1.0,0.0,0.0,80.0,4.9,1.0,0.8,178.0,145.0,1.0,2.6,144.0,146.0,0.0,0.0,,0.0,0.0,0.0,0.0,0.0,16.7,11.0,5,142.5,5,2.0,249.0,2,2664.0
2025-07-27,1.0,204.3,1.0,0.0,0.0,97.0,0.0,0.0,0.0,145.0,134.0,0.0,-12.1,284.0,284.0,0.0,0.0,,0.0,0.0,0.0,0.0,0.0,6.9,9.1,5,107.7,5,3.0,228.0,2,1884.0
2025-07-28,2.0,65.7,1.0,1.0,0.0,16.0,0.0,0.0,0.0,119.0,114.0,0.0,-0.4,,,30.4,0.0,,0.0,0.0,0.0,0.0,0.0,,1.5,5,70.2,5,3.0,325.0,3,1661.0
2025-07-29,1.0,59.6,1.0,0.0,0.0,26.0,0.0,0.0,0.0,133.0,126.0,0.0,1.5,,,0.0,0.0,,0.0,0.0,0.0,0.0,0.0,,1.5,6,70.2,6,3.0,193.0,3,1661.0
2025-07-30,1.0,61.0,1.0,0.0,0.0,40.0,0.0,0.0,0.0,146.0,139.0,1.0,7.8,,,0.0,0.0,,0.0,0.0,0.0,0.0,0.0,,1.5,6,43.3,6,3.0,139.0,3,1212.0
2025-07-31,1.0,76.6,0.0,1.0,0.0,15.0,0.0,0.0,0.0,,,0.0,,,,76.6,0.0,,0.0,0.0,0.0,0.0,0.0,,1.4,6,20.2,6,3.0,82.0,3,1052.0
2025-08-01,1.0,118.1,1.0,0.0,0.0,78.0,33.6,4.0,1.7,171.0,154.0,0.0,7.0,632.0,676.0,0.0,0.0,,1.0,0.0,1.0,0.0,0.0,37.3,1.4,7,20.2,7,3.0,81.0,3,1052.0
2025-08-02,1.0,113.4,1.0,0.0,0.0,98.0,46.9,5.0,0.9,165.0,159.0,0.0,20.9,635.0,640.0,0.0,0.0,,1.0,0.0,1.0,0.0,0.0,102.6,2.5,7,38.5,7,2.0,133.0,3,1106.0
2025-08-03,1.0,49.5,0.0,1.0,0.0,8.0,0.0,0.0,0.0,,,0.0,,,,49.5,0.0,,0.0,0.0,0.0,0.0,0.0,,2.6,7,80.5,7,1.0,191.0,3,1600.0
2025-08-04,1.0,167.9,1.0,0.0,0.0,89.0,3.3,1.0,0.0,155.0,144.0,0.0,8.5,240.0,249.0,0.0,0.0,,0.0,0.0,1.0,0.0,0.0,8.0,2.6,7,80.5,7,1.0,184.0,3,1316.0
2025-08-05,1.0,85.2,1.0,0.0,0.0,62.0,6.6,1.0,0.0,160.0,156.0,0.0,5.2,,,0.0,0.0,,0.0,0.0,0.0,0.0,0.0,,2.6,7,83.8,7,1.0,195.0,3,1565.0
2025-08-06,1.0,103.1,0.0,1.0,0.0,23.0,0.0,0.0,0.0,,,0.0,,,,103.1,0.0,,0.0,0.0,0.0,0.0,0.0,,2.6,7,90.4,7,1.0,159.0,3,1565.0
2025-08-07,2.0,83.0,1.0,1.0,0.0,31.0,0.0,0.0,0.0,139.0,126.0,0.0,-8.7,,,22.1,0.0,,0.0,0.0,0.0,0.0,0.0,,2.6,7,90.4,7,0.0,174.0,3,1565.0
2025-08-08,1.0,91.8,1.0,0.0,0.0,62.0,17.4,5.0,0.0,157.0,150.0,0.0,-17.4,544.0,546.0,0.0,0.0,,0.0,0.0,0.0,0.0,0.0,176.9,2.6,7,90.4,7,0.0,116.0,3,1565.0
2025-08-09,1.0,158.7,1.0,0.0,0.0,77.0,18.4,3.0,0.0,150.0,143.0,0.0,-61.0,833.0,831.0,0.0,0.0,,0.0,0.0,0.0,0.0,0.0,46.4,0.9,7,74.2,7,0.0,116.0,3,1435.0
2025-08-10,1.0,71.0,1.0,0.0,0.0,48.0,0.0,0.0,0.1,163.0,137.0,0.0,1.7,138.0,130.0,0.0,0.0,,0.0,0.0,0.0,0.0,0.0,26.5,0.0,7,45.7,7,0.0,170.0,3,1626.0
2025-08-12,1.0,173.6,1.0,0.0,0.0,114.0,54.9,5.0,2.9,165.0,152.0,0.0,0.6,993.0,974.0,0.0,0.0,,1.0,0.0,1.0,0.0,0.0,36.9,0.1,6,42.4,6,0.0,125.0,2,1507.0
2025-08-13,1.0,113.7,1.0,0.0,0.0,85.0,34.9,5.0,0.2,169.0,155.0,0.0,-14.5,498.0,502.0,0.0,0.0,,0.0,0.0,0.0,0.0,0.0,81.0,3.0,6,90.7,6,0.0,162.0,2,2481.0
2025-08-14,2.0,222.9,0.0,1.0,0.0,18.0,0.0,0.0,0.0,,,0.0,,,,222.9,0.0,,0.0,0.0,0.0,0.0,0.0,,3.2,6,125.6,6,0.0,199.0,2,2983.0
2025-08-16,2.0,124.7,1.0,1.0,0.0,31.0,0.0,0.0,0.0,142.0,126.0,0.0,-5.7,,,85.3,0.0,,0.0,0.0,0.0,0.0,0.0,,3.2,5,108.2,5,0.0,103.0,2,2437.0
2025-08-18,2.0,108.1,0.0,1.0,1.0,37.0,0.0,0.0,0.0,,,0.0,,,,45.2,62.9,,0.0,0.0,0.0,0.0,0.0,,3.1,4,89.8,4,0.0,31.0,1,1476.0
2025-08-19,1.0,55.5,0.0,1.0,0.0,13.0,0.0,0.0,0.0,,,0.0,,,,55.5,0.0,,0.0,0.0,0.0,0.0,0.0,,3.1,5,89.8,5,0.0,68.0,2,1476.0
2025-08-20,1.0,46.7,1.0,0.0,0.0,26.0,0.0,0.0,0.0,138.0,133.0,0.0,-14.8,,,0.0,0.0,,1.0,0.0,1.0,0.0,0.0,,0.2,5,34.9,5,0.0,50.0,2,502.0
2025-08-21,1.0,124.3,1.0,0.0,0.0,62.0,8.6,1.0,0.8,158.0,151.0,1.0,-1.2,364.0,361.0,0.0,0.0,,0.0,0.0,0.0,0.0,0.0,16.1,0.0,5,0.0,5,0.0,76.0,3,0.0
2025-08-22,2.0,197.3,1.0,1.0,0.0,80.0,0.0,0.0,0.0,151.0,139.0,0.0,13.3,208.0,214.0,57.6,0.0,,0.0,0.0,0.0,0.0,0.0,7.9,0.8,5,8.6,5,1.0,101.0,3,361.0
2025-08-23,1.0,96.2,1.0,0.0,0.0,79.0,17.8,4.0,3.3,165.0,160.0,0.0,8.7,334.0,332.0,0.0,0.0,,1.0,0.0,0.0,0.0,0.0,62.0,0.8,6,8.6,6,1.0,168.0,3,575.0
2025-08-25,1.0,102.3,0.0,1.0,0.0,22.0,0.0,0.0,0.0,,,0.0,,,,102.3,0.0,,0.0,0.0,0.0,0.0,0.0,,4.1,6,26.4,6,1.0,159.0,2,907.0
2025-08-26,1.0,150.0,1.0,0.0,0.0,73.0,0.0,0.0,4.1,169.0,145.0,0.0,-11.9,382.0,376.0,0.0,0.0,,0.0,0.0,0.0,0.0,0.0,14.9,4.1,6,26.4,6,1.0,101.0,2,907.0
2025-08-27,1.0,85.2,1.0,0.0,0.0,60.0,12.9,2.0,0.0,151.0,147.0,1.0,2.7,96.0,94.0,0.0,0.0,,0.0,0.0,0.0,0.0,0.0,15.5,8.2,6,26.4,6,1.0,95.0,2,1283.0
2025-08-28,1.0,235.8,1.0,0.0,0.0,113.0,10.3,3.0,0.8,161.0,143.0,0.0,-28.2,792.0,792.0,0.0,0.0,,0.0,0.0,0.0,0.0,0.0,21.7,8.2,6,39.3,6,2.0,155.0,3,1377.0
2025-08-29,1.0,138.3,1.0,0.0,0.0,91.0,4.6,1.0,0.0,155.0,143.0,0.0,-12.9,326.0,326.0,0.0,0.0,,0.0,0.0,0.0,0.0,0.0,35.7,8.2,6,41.0,6,1.0,246.0,3,1808.0
2025-08-30,2.0,341.7,1.0,0.0,0.0,183.0,27.5,4.0,10.2,168.0,154.0,1.0,-10.8,1443.0,1443.0,0.0,0.0,,0.0,0.0,0.0,0.0,0.0,29.4,8.2,6,45.6,6,1.0,264.0,3,1920.0
2025-08-31,1.0,38.4,0.0,1.0,0.0,4.0,0.0,0.0,0.0,,,0.0,,,,38.4,0.0,,0.0,0.0,0.0,0.0,0.0,,15.1,6,55.3,6,2.0,387.0,3,3031.0
2025-09-01,1.0,104.3,1.0,0.0,0.0,106.0,49.0,7.0,20.4,169.0,165.0,0.0,-13.7,648.0,664.0,0.0,0.0,,1.0,0.0,1.0,0.0,0.0,182.5,15.1,7,55.3,7,2.0,278.0,3,3031.0
2025-09-02,1.0,126.8,1.0,0.0,0.0,86.0,49.7,6.0,0.0,156.0,151.0,0.0,-16.0,814.0,809.0,0.0,0.0,,1.0,0.0,1.0,0.0,0.0,44.0,35.5,7,104.3,7,2.0,293.0,3,3695.0
2025-09-03,1.0,96.0,1.0,0.0,0.0,86.0,44.8,7.0,4.5,166.0,161.0,0.0,-21.6,568.0,582.0,0.0,0.0,5.0,0.0,0.0,0.0,1.0,0.0,172.2,31.4,7,154.0,7,2.0,196.0,3,4128.0
2025-09-04,1.0,83.8,0.0,1.0,0.0,19.0,0.0,0.0,0.0,,,0.0,,,,83.8,0.0,,0.0,0.0,0.0,0.0,0.0,,35.9,7,185.9,7,1.0,278.0,3,4616.0
2025-09-05,1.0,148.6,1.0,0.0,0.0,99.0,42.5,4.0,2.2,160.0,154.0,0.0,-32.1,912.0,894.0,0.0,0.0,4.0,0.0,0.0,1.0,1.0,0.0,43.3,35.1,7,175.6,7,1.0,191.0,3,3824.0
2025-09-06,1.0,80.3,1.0,0.0,0.0,59.0,23.5,5.0,1.5,163.0,159.0,0.0,0.7,480.0,460.0,0.0,0.0,,0.0,0.0,0.0,0.0,0.0,186.9,37.3,7,213.5,7,1.0,204.0,3,4392.0
2025-09-07,1.0,196.5,1.0,0.0,0.0,92.0,0.0,0.0,0.0,146.0,137.0,0.0,2.6,169.0,150.0,0.0,0.0,,0.0,0.0,0.0,0.0,0.0,4.1,28.6,7,209.5,7,0.0,177.0,3,3409.0
2025-09-08,1.0,70.2,0.0,1.0,0.0,12.0,0.0,0.0,0.0,,,0.0,,,,70.2,0.0,,0.0,0.0,0.0,0.0,0.0,,28.6,7,209.5,7,0.0,250.0,3,3559.0
2025-09-09,1.0,130.5,1.0,0.0,0.0,102.0,48.4,9.0,0.3,162.0,158.0,0.0,-2.7,894.0,878.0,0.0,0.0,,0.0,0.0,0.0,0.0,0.0,175.8,8.2,7,160.5,7,0.0,163.0,3,2895.0
2025-09-10,1.0,101.1,1.0,0.0,0.0,90.0,34.2,6.0,7.9,167.0,163.8,0.0,-5.5,648.0,668.0,0.0,0.0,,0.0,0.0,1.0,0.0,0.0,139.6,8.5,7,159.2,7,0.0,206.0,3,2964.0
2025-09-11,1.0,183.4,1.0,0.0,0.0,88.0,7.6,2.0,0.0,149.0,141.0,0.0,-1.6,173.0,168.0,0.0,0.0,,0.0,0.0,0.0,0.0,0.0,5.0,11.9,7,148.6,7,0.0,204.0,3,3050.0
2025-09-12,1.0,82.0,1.0,0.0,0.0,68.0,23.9,3.0,15.9,172.0,169.0,0.0,53.0,561.0,584.0,0.0,0.0,,0.0,0.0,0.0,0.0,0.0,116.2,11.9,7,156.2,7,0.0,280.0,3,3218.0
2025-09-14,1.0,136.6,1.0,0.0,0.0,132.0,63.5,7.0,18.6,169.0,165.0,0.0,-4.8,1122.0,1123.0,0.0,0.0,,1.0,0.0,1.0,0.0,0.0,232.6,24.1,6,114.1,6,0.0,156.0,2,2448.0
2025-09-16,1.0,63.2,1.0,0.0,0.0,38.0,0.0,0.0,0.0,147.0,136.0,0.0,0.2,,,0.0,0.0,3.0,1.0,0.0,1.0,1.0,0.0,,42.7,5,177.6,5,0.0,132.0,1,3421.0
2025-09-20,1.0,573.1,1.0,0.0,0.0,192.0,0.0,0.0,0.0,151.0,136.0,0.0,-18.1,1352.0,1605.0,0.0,0.0,,0.0,0.0,0.0,0.0,0.0,109.2,18.6,2,63.5,2,0.0,,0,1123.0
2025-09-21,1.0,225.1,1.0,0.0,0.0,82.0,0.0,0.0,0.0,142.0,130.0,1.0,31.7,1141.0,270.0,0.0,0.0,,0.0,0.0,0.0,0.0,0.0,125.5,18.6,3,63.5,3,0.0,192.0,1,2728.0
2025-09-22,1.0,642.2,1.0,0.0,0.0,217.0,0.0,0.0,0.0,153.0,133.0,0.0,5.4,1633.0,2018.0,0.0,0.0,,0.0,0.0,0.0,0.0,0.0,153.8,0.0,3,0.0,3,1.0,274.0,2,1875.0
2025-09-23,1.0,615.3,1.0,0.0,0.0,184.0,0.0,0.0,0.0,147.0,130.0,0.0,-0.1,1566.0,1193.0,0.0,0.0,,0.0,0.0,0.0,0.0,0.0,140.1,0.0,4,0.0,4,1.0,491.0,3,3893.0
2025-09-24,1.0,385.4,1.0,0.0,0.0,60.0,0.0,0.0,0.0,132.0,112.0,0.0,-11.5,468.0,1381.0,0.0,0.0,,0.0,0.0,0.0,0.0,0.0,90.5,0.0,4,0.0,4,1.0,483.0,3,5086.0
2025-09-26,2.0,108.5,1.0,1.0,0.0,36.0,0.0,0.0,0.0,132.0,123.8,0.0,-4.7,,,48.3,0.0,,0.0,0.0,0.0,0.0,0.0,,0.0,5,0.0,5,1.0,244.0,2,6467.0
2025-09-27,1.0,70.5,1.0,0.0,0.0,60.0,24.9,1.0,7.5,170.0,168.0,1.0,24.0,,,0.0,0.0,,0.0,0.0,1.0,0.0,0.0,,0.0,6,0.0,6,1.0,96.0,2,6467.0
2025-09-28,1.0,166.2,1.0,0.0,0.0,86.0,9.5,1.0,0.0,151.0,141.0,0.0,-7.2,876.0,858.0,0.0,0.0,,0.0,0.0,0.0,0.0,0.0,35.6,7.5,6,24.9,6,2.0,96.0,2,4862.0
2025-09-29,1.0,73.3,1.0,0.0,0.0,47.0,0.0,0.0,0.0,146.0,135.0,0.0,3.7,259.0,258.0,0.0,0.0,,0.0,0.0,0.0,0.0,0.0,51.6,7.5,6,34.4,6,1.0,182.0,3,5450.0
2025-09-30,4.0,163.7,1.0,1.0,0.0,60.0,7.4,1.0,0.2,156.0,140.0,1.0,8.3,,,101.5,0.0,,1.0,0.0,1.0,0.0,0.0,,7.5,6,34.4,6,1.0,193.0,3,3690.0
2025-10-01,1.0,122.0,1.0,0.0,0.0,88.0,37.7,5.0,9.3,163.0,158.0,0.0,-19.2,824.0,806.0,0.0,0.0,,1.0,0.0,1.0,0.0,0.0,44.2,7.7,6,41.8,6,2.0,193.0,3,2497.0
2025-10-02,1.0,103.3,1.0,0.0,0.0,90.0,42.3,6.0,9.5,172.0,166.0,0.0,-4.5,694.0,693.0,0.0,0.0,,0.0,0.0,0.0,0.0,0.0,172.9,17.0,6,79.5,6,2.0,195.0,3,1922.0
2025-10-03,3.0,146.9,1.0,1.0,0.0,56.0,5.5,1.0,0.0,146.0,140.0,1.0,23.7,,,94.7,0.0,,1.0,0.0,1.0,0.0,0.0,,26.5,7,121.8,7,2.0,238.0,3,2615.0
2025-10-04,1.0,131.2,1.0,0.0,0.0,74.0,3.3,1.0,0.0,152.0,142.0,0.0,5.2,217.0,217.0,0.0,0.0,,0.0,0.0,1.0,0.0,0.0,8.3,26.5,7,127.3,7,3.0,234.0,3,2615.0
2025-10-05,1.0,115.2,1.0,0.0,0.0,76.0,9.8,2.0,0.1,162.0,152.0,0.0,-0.3,436.0,435.0,0.0,0.0,,0.0,0.0,0.0,0.0,0.0,68.6,19.0,7,105.7,7,2.0,220.0,3,2832.0
2025-10-06,2.0,111.8,1.0,1.0,0.0,47.0,0.0,0.0,0.0,146.0,138.0,1.0,,,,51.8,0.0,,0.0,0.0,0.0,0.0,0.0,,19.1,7,106.0,7,2.0,206.0,3,2409.0
2025-10-07,1.0,94.2,1.0,0.0,0.0,100.0,76.1,1.0,1.5,165.0,160.0,0.0,12.3,,,0.0,0.0,,0.0,0.0,1.0,0.0,0.0,,19.1,7,106.0,7,3.0,197.0,3,2151.0
2025-10-08,1.0,142.2,1.0,0.0,0.0,71.0,0.0,0.0,0.0,144.0,135.0,0.0,3.9,133.0,93.0,0.0,0.0,,0.0,0.0,0.0,0.0,0.0,4.2,20.4,7,174.7,7,2.0,223.0,3,2151.0
2025-10-09,3.0,138.5,1.0,1.0,0.0,51.0,0.0,0.0,0.5,156.0,144.0,1.0,5.2,,,92.6,0.0,,0.0,0.0,1.0,0.0,0.0,,11.1,7,137.0,7,2.0,218.0,3,1438.0
2025-10-10,1.0,147.7,1.0,0.0,0.0,82.0,18.9,4.0,0.0,152.0,147.0,0.0,-6.9,876.0,876.0,0.0,0.0,,0.0,0.0,0.0,0.0,0.0,43.2,2.1,7,94.7,7,3.0,222.0,3,745.0
2025-10-11,1.0,135.0,1.0,0.0,0.0,100.0,9.1,2.0,0.0,153.0,145.0,0.0,-6.7,295.0,267.0,0.0,0.0,,0.0,0.0,0.0,0.0,0.0,30.1,2.1,7,108.1,7,2.0,204.0,3,1621.0
2025-10-13,3.0,139.2,1.0,1.0,0.0,43.0,0.0,0.0,0.0,135.0,127.0,0.0,0.4,,,93.4,0.0,,0.0,0.0,1.0,0.0,0.0,,2.0,6,104.1,6,2.0,182.0,2,1236.0
2025-10-14,1.0,130.2,1.0,0.0,0.0,106.0,46.2,4.0,0.0,157.0,153.0,0.0,-4.9,846.0,854.0,0.0,0.0,,0.0,0.0,0.0,0.0,0.0,108.2,2.0,6,104.1,6,1.0,143.0,2,1236.0
2025-10-15,1.0,131.8,1.0,0.0,0.0,82.0,19.5,2.0,0.0,147.0,143.0,0.0,-9.8,877.0,864.0,0.0,0.0,,0.0,0.0,0.0,0.0,0.0,47.3,0.5,6,74.2,6,1.0,149.0,2,2090.0
2025-10-16,2.0,121.7,1.0,1.0,0.0,45.0,0.0,0.0,0.0,133.0,128.0,0.0,10.6,,,61.1,0.0,,0.0,0.0,1.0,0.0,0.0,,0.5,6,93.7,6,1.0,231.0,3,2861.0
2025-10-17,1.0,131.4,1.0,0.0,0.0,115.0,41.9,4.0,0.2,164.0,154.0,0.0,15.4,1043.0,1038.0,0.0,0.0,,0.0,0.0,0.0,0.0,0.0,115.6,0.0,6,93.7,6,0.0,233.0,3,2861.0
2025-10-19,1.0,169.1,1.0,0.0,0.0,108.0,24.5,3.0,0.2,157.0,151.0,0.0,-5.6,432.0,404.0,0.0,0.0,,0.0,0.0,1.0,0.0,0.0,13.1,0.2,5,107.6,5,0.0,160.0,2,2756.0
2025-10-20,1.0,101.5,0.0,1.0,0.0,28.0,0.0,0.0,0.0,,,0.0,,,,101.5,0.0,,0.0,0.0,0.0,0.0,0.0,,0.4,6,132.1,6,0.0,223.0,2,3160.0
2025-10-21,1.0,95.0,1.0,0.0,0.0,75.0,14.7,3.0,0.0,146.0,144.0,0.0,4.4,,,0.0,0.0,,0.0,0.0,1.0,0.0,0.0,,0.4,6,132.1,6,0.0,136.0,2,3160.0
2025-10-22,1.0,102.0,1.0,0.0,0.0,64.0,36.5,4.0,0.0,153.0,147.0,0.0,-33.2,648.0,624.0,0.0,0.0,,0.0,0.0,1.0,0.0,0.0,49.5,0.4,6,100.6,6,0.0,211.0,3,2306.0
2025-10-23,2.0,101.0,1.0,1.0,0.0,42.0,0.0,0.0,0.0,142.0,132.0,0.0,1.6,,,39.3,0.0,,0.0,0.0,1.0,0.0,0.0,,0.4,6,117.6,6,0.0,167.0,3,2066.0
2025-10-24,1.0,67.3,1.0,0.0,0.0,36.0,0.0,0.0,0.0,136.0,131.0,0.0,,,,0.0,0.0,,0.0,0.0,0.0,0.0,0.0,,0.4,6,117.6,6,0.0,181.0,3,2066.0
2025-10-26,1.0,70.7,1.0,0.0,0.0,54.0,13.9,2.0,0.0,149.0,146.0,0.0,,,,0.0,0.0,,0.0,0.0,0.0,0.0,0.0,,0.2,6,75.7,6,0.0,78.0,2,1028.0
2025-10-27,1.0,125.3,1.0,0.0,0.0,97.0,0.0,0.0,0.0,154.0,143.0,0.0,-2.9,1012.0,1015.0,0.0,0.0,,0.0,0.0,0.0,0.0,0.0,115.2,0.0,6,65.1,6,0.0,90.0,2,624.0
2025-10-28,1.0,80.8,0.0,1.0,0.0,14.0,0.0,0.0,0.0,,,0.0,,,,80.8,0.0,,0.0,0.0,0.0,0.0,0.0,,0.0,6,65.1,6,0.0,151.0,2,1639.0
2025-10-29,1.0,90.5,0.0,0.0,1.0,47.0,0.0,0.0,0.0,,,0.0,,,,0.0,90.5,,0.0,0.0,0.0,0.0,0.0,,0.0,6,50.4,6,0.0,165.0,3,1639.0
2025-10-30,1.0,56.7,0.0,1.0,0.0,8.0,0.0,0.0,0.0,,,0.0,,,,56.7,0.0,,0.0,0.0,0.0,0.0,0.0,,0.0,6,13.9,6,0.0,158.0,3,1015.0
2025-10-31,1.0,99.0,1.0,0.0,0.0,66.0,33.2,4.0,0.0,153.0,147.0,0.0,-14.8,645.0,650.0,0.0,0.0,,0.0,0.0,1.0,0.0,0.0,46.2,0.0,6,13.9,6,0.0,69.0,3,1015.0
2025-11-02,1.0,114.6,1.0,0.0,0.0,96.0,18.1,4.0,0.8,163.0,156.0,0.0,28.8,388.0,400.0,0.0,0.0,,1.0,0.0,1.0,0.0,0.0,51.5,0.0,6,47.1,6,0.0,74.0,2,1665.0
2025-11-03,1.0,68.5,1.0,0.0,0.0,52.0,4.2,1.0,0.0,161.0,154.0,0.0,11.4,342.0,340.0,0.0,0.0,,0.0,0.0,0.0,0.0,0.0,78.3,0.8,6,51.3,6,0.0,162.0,2,2065.0
2025-11-04,1.0,80.5,0.0,1.0,0.0,16.0,0.0,0.0,0.0,,,0.0,,,,80.5,0.0,,0.0,0.0,0.0,0.0,0.0,,0.8,6,55.5,6,0.0,148.0,2,1390.0
2025-11-05,1.0,57.2,0.0,1.0,0.0,11.0,0.0,0.0,0.0,,,0.0,,,,57.2,0.0,,0.0,0.0,0.0,0.0,0.0,,0.8,6,55.5,6,0.0,164.0,3,1390.0
2025-11-06,1.0,45.0,1.0,0.0,0.0,28.0,18.7,3.0,1.4,160.0,148.0,0.0,-10.4,,,0.0,0.0,4.0,1.0,0.0,1.0,1.0,0.0,,0.8,6,55.5,6,0.0,79.0,3,1390.0
2025-11-07,1.0,155.4,1.0,0.0,0.0,123.0,54.1,5.0,21.1,172.0,167.0,0.0,-8.5,850.0,866.0,0.0,0.0,5.0,1.0,0.0,1.0,1.0,0.0,41.0,2.2,6,74.2,6,0.0,55.0,3,1390.0
2025-11-08,1.0,35.0,1.0,0.0,0.0,41.0,12.8,1.0,12.0,182.0,182.0,0.0,41.4,,,0.0,0.0,8.0,0.0,0.0,1.0,1.0,0.0,,23.3,6,95.1,6,0.0,162.0,3,1606.0
2025-11-09,1.0,178.8,1.0,0.0,0.0,131.0,58.8,8.0,0.6,157.0,151.0,0.0,-43.0,917.0,881.0,0.0,0.0,5.0,1.0,0.0,1.0,1.0,0.0,32.4,35.3,7,107.9,7,0.0,192.0,3,1606.0
2025-11-10,1.0,87.2,0.0,1.0,0.0,24.0,0.0,0.0,0.0,,,0.0,,,,87.2,0.0,,0.0,0.0,0.0,1.0,0.0,,35.1,7,148.6,7,0.0,295.0,3,2087.0
2025-11-11,1.0,75.4,1.0,0.0,0.0,81.0,28.7,5.0,18.1,178.0,175.0,0.0,-12.3,567.0,552.0,0.0,0.0,7.0,1.0,0.0,1.0,1.0,0.0,150.2,35.1,7,144.4,7,0.0,196.0,3,1747.0
2025-11-12,1.0,142.1,1.0,0.0,0.0,80.0,0.0,0.0,0.0,144.0,135.0,0.0,-1.6,499.0,499.0,0.0,0.0,5.0,0.0,0.0,0.0,1.0,0.0,55.6,53.2,7,173.1,7,0.0,236.0,3,2299.0
2025-11-13,1.0,67.5,1.0,0.0,0.0,53.0,32.9,2.0,2.4,160.0,156.0,0.0,-18.3,491.0,497.0,0.0,0.0,5.0,1.0,0.0,1.0,1.0,0.0,49.3,53.2,7,173.1,7,0.0,185.0,3,2798.0
2025-11-14,1.0,93.4,0.0,1.0,0.0,27.0,0.0,0.0,0.0,,,0.0,,,,93.4,0.0,,0.0,0.0,0.0,1.0,0.0,,54.2,7,187.3,7,0.0,214.0,3,3295.0
2025-11-15,1.0,180.6,1.0,0.0,0.0,127.0,40.5,3.0,2.6,165.0,154.0,0.0,-26.0,892.0,861.0,0.0,0.0,5.0,0.0,0.0,1.0,1.0,0.0,28.8,33.1,7,133.2,7,0.0,160.0,3,2429.0
2025-11-16,1.0,91.9,1.0,0.0,0.0,70.0,14.0,2.0,3.7,170.0,159.0,0.0,11.9,349.0,347.0,0.0,0.0,5.0,0.0,0.0,0.0,1.0,0.0,59.6,23.7,7,160.9,7,0.0,207.0,3,3290.0
2025-11-17,2.0,68.7,1.0,1.0,0.0,23.0,0.0,0.0,0.0,138.0,132.0,0.0,17.2,,,30.7,0.0,4.0,0.0,0.0,0.0,2.0,0.0,,26.8,7,116.1,7,0.0,224.0,3,2756.0
2025-11-18,2.0,113.5,1.0,1.0,0.0,80.0,21.3,4.0,11.6,179.0,173.0,1.0,11.6,,,55.0,0.0,7.0,0.0,0.0,1.0,2.0,0.0,,26.8,7,116.1,7,0.0,220.0,3,2756.0
2025-11-19,1.0,97.7,1.0,0.0,0.0,72.0,50.7,3.0,0.1,157.0,153.0,0.0,-35.5,685.0,686.0,0.0,0.0,5.0,0.0,0.0,0.0,1.0,0.0,50.6,20.3,7,108.7,7,1.0,173.0,3,2204.0
2025-11-20,1.0,80.1,1.0,0.0,0.0,54.0,0.0,0.0,0.0,144.0,138.0,0.0,,,,0.0,0.0,4.0,0.0,0.0,0.0,1.0,0.0,,20.4,7,159.4,7,1.0,175.0,3,2391.0
2025-11-21,2.0,103.4,0.0,1.0,0.0,23.0,0.0,0.0,0.0,,,0.0,,,,103.4,0.0,,0.0,0.0,0.0,2.0,0.0,,18.0,7,126.5,7,1.0,206.0,3,1894.0
2025-11-22,1.0,140.7,1.0,0.0,0.0,101.0,27.4,2.0,0.0,154.0,151.0,1.0,4.1,166.0,172.0,0.0,0.0,5.0,0.0,0.0,0.0,1.0,0.0,16.9,18.0,7,126.5,7,1.0,149.0,3,1894.0
2025-11-23,1.0,184.0,1.0,0.0,0.0,108.0,25.7,2.0,1.2,159.0,151.0,0.0,-32.2,658.0,655.0,0.0,0.0,5.0,0.0,0.0,1.0,1.0,0.0,21.8,15.4,7,113.4,7,2.0,178.0,3,1205.0
2025-11-24,1.0,63.5,1.0,0.0,0.0,39.0,0.0,0.0,0.0,145.0,136.0,0.0,4.4,112.0,112.0,0.0,0.0,4.0,0.0,0.0,0.0,1.0,0.0,24.2,12.9,7,125.1,7,2.0,232.0,3,1513.0
2025-11-25,2.0,88.4,1.0,1.0,0.0,66.0,24.4,5.0,14.9,168.0,166.0,0.0,4.6,,,27.3,0.0,5.0,0.0,0.0,1.0,2.0,0.0,,12.9,7,125.1,7,2.0,248.0,3,1625.0
2025-11-26,1.0,61.9,1.0,0.0,0.0,24.0,0.0,0.0,0.0,128.0,122.0,1.0,,,,0.0,0.0,5.0,0.0,0.0,0.0,1.0,0.0,,16.2,7,128.2,7,1.0,213.0,3,1625.0
2025-11-27,2.0,81.3,1.0,1.0,0.0,65.0,19.0,1.0,3.2,168.0,162.0,0.0,9.7,,,19.5,0.0,6.0,0.0,0.0,1.0,2.0,0.0,,16.1,7,77.5,7,2.0,129.0,3,939.0
2025-11-28,3.0,132.2,1.0,1.0,0.0,47.0,0.0,0.0,0.9,160.0,132.0,0.0,-0.1,,,77.0,0.0,5.0,0.0,0.0,1.0,3.0,0.0,,19.3,7,96.5,7,2.0,155.0,3,939.0
2025-11-29,1.0,150.3,1.0,0.0,0.0,80.0,4.0,1.0,0.0,150.0,139.0,0.0,-16.4,212.0,221.0,0.0,0.0,5.0,0.0,0.0,1.0,1.0,0.0,8.0,20.2,7,96.5,7,2.0,136.0,3,939.0
2025-11-30,1.0,78.5,1.0,0.0,0.0,49.0,0.0,0.0,0.0,141.0,136.0,0.0,3.8,232.0,232.0,0.0,0.0,5.0,0.0,0.0,0.0,1.0,0.0,37.8,20.2,7,73.1,7,1.0,192.0,3,988.0
2025-12-01,2.0,82.9,1.0,1.0,0.0,34.0,0.0,0.0,0.0,146.0,131.0,0.0,-1.4,,,22.9,0.0,4.0,0.0,0.0,1.0,2.0,0.0,,19.0,7,47.4,7,1.0,176.0,3,565.0
2025-12-02,2.0,118.4,1.0,1.0,0.0,41.0,0.0,0.0,0.0,138.0,127.0,0.0,7.2,,,58.0,0.0,4.0,0.0,0.0,0.0,2.0,0.0,,19.0,7,47.4,7,1.0,163.0,3,453.0
2025-12-03,1.0,38.7,0.0,1.0,0.0,6.0,0.0,0.0,0.0,,,0.0,,,,38.7,0.0,,0.0,0.0,0.0,1.0,0.0,,4.1,7,23.0,7,1.0,124.0,3,453.0
2025-12-04,1.0,73.0,1.0,0.0,0.0,39.0,0.0,0.0,0.0,137.0,133.0,0.0,,,,0.0,0.0,4.0,0.0,0.0,0.0,1.0,0.0,,4.1,7,23.0,7,0.0,81.0,3,453.0
2025-12-05,1.0,85.8,0.0,1.0,0.0,18.0,0.0,0.0,0.0,,,0.0,,,,85.8,0.0,,0.0,0.0,0.0,1.0,0.0,,0.9,7,4.0,7,0.0,86.0,3,453.0
2025-12-06,1.0,148.8,1.0,0.0,0.0,83.0,6.7,2.0,0.0,155.0,142.0,0.0,25.5,168.0,196.0,0.0,0.0,4.0,0.0,0.0,1.0,1.0,0.0,6.6,0.0,7,4.0,7,0.0,63.0,3,453.0
2025-12-07,1.0,147.3,1.0,0.0,0.0,69.0,0.0,0.0,0.0,154.0,137.0,0.0,13.7,120.0,128.0,0.0,0.0,4.0,0.0,0.0,0.0,1.0,0.0,4.5,0.0,7,6.7,7,0.0,140.0,3,428.0
2025-12-08,1.0,65.1,1.0,0.0,0.0,47.0,0.0,0.0,0.0,148.0,143.0,0.0,6.9,196.0,202.0,0.0,0.0,5.0,0.0,0.0,0.0,1.0,0.0,39.6,0.0,7,6.7,7,0.0,170.0,3,324.0
2025-12-09,1.0,74.0,0.0,1.0,0.0,18.0,0.0,0.0,0.0,,,0.0,,,,74.0,0.0,,0.0,0.0,0.0,1.0,0.0,,0.0,7,6.7,7,0.0,199.0,3,526.0
2025-12-10,2.0,62.9,1.0,0.0,0.0,32.0,0.0,0.0,0.0,140.0,130.0,0.0,,,,0.0,0.0,3.0,0.0,0.0,0.0,2.0,0.0,,0.0,7,6.7,7,0.0,134.0,3,526.0
2025-12-11,2.0,100.3,1.0,1.0,0.0,58.0,20.6,3.0,0.0,161.0,158.0,1.0,11.5,,,34.4,0.0,5.0,0.0,0.0,1.0,2.0,0.0,,0.0,7,6.7,7,0.0,97.0,3,526.0
2025-12-13,1.0,91.3,0.0,1.0,0.0,22.0,0.0,0.0,0.0,,,0.0,,,,91.3,0.0,,0.0,0.0,0.0,1.0,0.0,,0.0,6,27.3,6,1.0,90.0,2,526.0
2025-12-15,1.0,64.2,1.0,0.0,0.0,45.0,0.0,0.0,0.0,151.0,145.0,0.0,-13.3,375.0,371.0,0.0,0.0,3.0,0.0,0.0,0.0,1.0,0.0,92.9,0.0,5,20.6,5,1.0,22.0,1,202.0
2025-12-16,2.0,107.0,1.0,1.0,0.0,42.0,0.0,0.0,0.0,135.0,133.0,0.0,5.8,,,51.1,0.0,4.0,0.0,0.0,0.0,2.0,0.0,,0.0,5,20.6,5,1.0,67.0,2,371.0
2025-12-17,1.0,131.4,1.0,0.0,0.0,75.0,14.4,3.0,0.0,147.0,141.0,0.0,-30.7,766.0,748.0,0.0,0.0,4.0,0.0,0.0,0.0,1.0,0.0,46.3,0.0,5,20.6,5,1.0,87.0,2,371.0
2025-12-18,1.0,65.5,0.0,1.0,0.0,15.0,0.0,0.0,0.0,,,0.0,,,,65.5,0.0,,0.0,0.0,0.0,1.0,0.0,,0.0,5,35.0,5,1.0,162.0,3,1119.0
2025-12-19,2.0,177.9,1.0,1.0,0.0,64.0,18.2,4.0,0.0,146.0,142.0,0.0,-34.8,619.0,596.0,74.4,0.0,4.0,0.0,0.0,0.0,2.0,0.0,45.4,0.0,5,14.4,5,0.0,132.0,3,1119.0
2025-12-20,1.0,67.8,1.0,0.0,0.0,48.0,0.0,0.0,0.0,151.0,143.0,0.0,3.3,,,0.0,0.0,4.0,0.0,0.0,1.0,1.0,0.0,,0.0,6,32.6,6,0.0,154.0,3,1715.0
2025-12-21,1.0,98.8,1.0,0.0,0.0,51.0,3.1,1.0,0.0,149.0,141.0,0.0,-4.3,163.0,141.0,0.0,0.0,4.0,0.0,0.0,1.0,1.0,0.0,8.1,0.0,6,32.6,6,0.0,127.0,3,1715.0
2025-12-22,1.0,117.1,0.0,1.0,0.0,16.0,0.0,0.0,0.0,,,0.0,,,,117.1,0.0,,0.0,0.0,0.0,1.0,0.0,,0.0,7,35.7,7,0.0,163.0,3,1856.0
2025-12-24,1.0,63.2,0.0,1.0,0.0,7.0,0.0,0.0,0.0,,,0.0,,,,63.2,0.0,,0.0,0.0,0.0,1.0,0.0,,0.0,6,35.7,6,0.0,67.0,2,1485.0
2025-12-28,1.0,101.2,1.0,0.0,0.0,64.0,0.0,0.0,0.0,145.0,137.0,0.0,1.5,156.0,204.0,0.0,0.0,3.0,0.0,0.0,0.0,1.0,0.0,27.0,0.0,3,3.1,3,0.0,,0,141.0
2025-12-30,1.0,210.9,1.0,0.0,0.0,146.0,54.9,6.0,0.6,162.0,150.0,0.0,-0.2,486.0,499.0,0.0,0.0,5.0,0.0,0.0,1.0,1.0,0.0,13.5,0.0,2,0.0,2,0.0,64.0,1,204.0
2025-12-31,1.0,118.0,1.0,0.0,0.0,75.0,4.0,1.0,0.0,154.0,145.0,0.0,-5.9,718.0,733.0,0.0,0.0,5.0,0.0,0.0,0.0,1.0,1.0,132.1,0.6,3,54.9,3,0.0,210.0,2,703.0
2026-01-08,1.0,52.3,0.0,1.0,0.0,6.0,0.0,0.0,0.0,,,0.0,,,,52.3,0.0,,0.0,0.0,0.0,1.0,0.0,,,0,,0,,,0,
2026-01-09,1.0,35.6,1.0,0.0,0.0,17.0,0.0,0.0,0.0,130.0,126.0,0.0,,,,0.0,0.0,4.0,0.0,0.0,0.0,1.0,0.0,,0.0,1,0.0,1,0.0,6.0,1,0.0
2026-01-11,1.0,31.1,1.0,0.0,0.0,22.0,0.0,0.0,0.0,148.0,144.0,0.0,3.2,112.0,109.0,0.0,0.0,5.0,0.0,0.0,0.0,1.0,0.0,49.3,0.0,2,0.0,2,0.0,23.0,2,0.0
2026-01-12,1.0,60.0,0.0,1.0,0.0,4.0,0.0,0.0,0.0,,,0.0,,,,60.0,0.0,,0.0,0.0,0.0,1.0,0.0,,0.0,3,0.0,3,0.0,39.0,2,109.0
2026-01-13,2.0,97.8,1.0,1.0,0.0,27.0,0.0,0.0,0.0,131.0,128.0,0.0,,,,56.4,0.0,5.0,1.0,0.0,0.0,2.0,0.0,,0.0,4,0.0,4,0.0,26.0,2,109.0
2026-01-14,2.0,133.2,1.0,1.0,0.0,53.0,0.0,0.0,0.0,147.0,141.0,0.0,-31.8,428.0,430.0,54.8,0.0,4.0,0.0,0.0,0.0,2.0,0.0,152.7,0.0,5,0.0,5,0.0,53.0,3,109.0
2026-01-15,1.0,67.6,0.0,1.0,0.0,11.0,0.0,0.0,0.0,,,0.0,,,,67.6,0.0,,0.0,0.0,0.0,0.0,0.0,,0.0,6,0.0,6,0.0,84.0,3,539.0
2026-01-16,1.0,91.2,0.0,1.0,0.0,18.0,0.0,0.0,0.0,,,0.0,,,,91.2,0.0,,0.0,0.0,0.0,0.0,0.0,,0.0,6,0.0,6,0.0,91.0,3,539.0
2026-01-18,1.0,45.5,1.0,0.0,0.0,30.0,3.1,1.0,0.0,160.0,150.0,0.0,,,,0.0,0.0,4.0,1.0,0.0,0.0,1.0,0.0,,0.0,6,0.0,6,0.0,29.0,2,539.0
2026-01-19,2.0,71.5,1.0,0.0,0.0,57.0,28.2,3.0,0.0,158.0,155.0,1.0,,,,0.0,0.0,,1.0,0.0,1.0,0.0,0.0,,0.0,6,3.1,6,0.0,48.0,2,430.0
2026-01-20,2.0,139.7,1.0,1.0,0.0,62.0,24.3,3.0,0.0,151.0,148.0,0.0,13.3,,,79.7,0.0,5.0,0.0,0.0,1.0,1.0,0.0,,0.0,6,31.3,6,1.0,87.0,2,430.0
2026-01-22,2.0,153.8,1.0,1.0,0.0,83.0,23.7,3.0,0.8,166.0,156.0,0.0,-0.9,438.0,454.0,83.7,0.0,5.0,0.0,0.0,1.0,2.0,1.0,138.5,0.0,5,55.6,5,1.0,119.0,2,0.0
2026-01-23,1.0,45.5,1.0,0.0,0.0,28.0,0.0,0.0,0.0,141.0,136.0,1.0,,,,0.0,0.0,3.0,1.0,0.0,0.0,1.0,0.0,,0.8,5,79.3,5,1.0,145.0,2,454.0
2026-01-24,1.0,105.7,0.0,1.0,0.0,22.0,0.0,0.0,0.0,,,0.0,,,,105.7,0.0,,0.0,0.0,0.0,0.0,0.0,,0.8,5,79.3,5,2.0,111.0,2,454.0
2026-01-25,1.0,138.6,1.0,0.0,0.0,87.0,21.7,4.0,2.0,166.0,149.0,1.0,37.0,620.0,151.0,0.0,0.0,4.0,0.0,0.0,1.0,1.0,1.0,15.8,0.8,6,79.3,6,2.0,133.0,3,454.0
2026-01-26,1.0,77.8,1.0,0.0,0.0,63.0,26.1,5.0,0.0,159.0,156.0,0.0,-5.4,460.0,478.0,0.0,0.0,4.0,0.0,0.0,0.0,1.0,1.0,132.1,2.8,6,97.9,6,3.0,137.0,3,605.0
2026-01-27,2.0,112.8,1.0,1.0,0.0,39.0,0.0,0.0,0.0,140.0,132.0,0.0,-2.9,,,52.4,0.0,4.0,0.0,0.0,1.0,1.0,0.0,,2.8,6,95.8,6,2.0,172.0,3,1083.0
2026-01-28,2.0,144.7,1.0,1.0,0.0,69.0,0.0,0.0,0.0,146.0,142.0,0.0,14.1,,,68.7,0.0,5.0,0.0,0.0,1.0,1.0,1.0,,2.8,6,71.5,6,2.0,189.0,3,1083.0
2026-01-29,2.0,161.1,1.0,1.0,0.0,66.0,0.0,0.0,0.0,149.0,131.0,0.0,-0.9,133.0,119.0,33.6,0.0,4.0,0.0,0.0,0.0,1.0,1.0,5.8,2.8,7,71.5,7,2.0,171.0,3,1083.0
2026-01-30,2.0,122.2,1.0,1.0,0.0,63.0,0.0,0.0,0.0,146.0,134.0,0.0,4.4,186.0,187.0,58.7,0.0,4.0,0.0,0.0,0.0,1.0,0.0,45.9,2.0,7,47.8,7,2.0,174.0,3,748.0
2026-02-01,1.0,60.0,1.0,0.0,0.0,50.0,16.9,4.0,10.7,169.0,166.0,0.0,,,,0.0,0.0,5.0,1.0,0.0,0.0,1.0,0.0,,2.0,6,47.8,6,1.0,129.0,2,935.0
2026-02-02,2.0,141.9,1.0,0.0,1.0,84.0,37.7,2.0,0.0,153.0,151.0,1.0,,,,0.0,67.7,5.0,1.0,0.0,0.0,2.0,0.0,,10.7,6,43.0,6,0.0,113.0,2,784.0
2026-02-03,2.0,179.2,1.0,1.0,0.0,71.0,0.0,0.0,0.0,146.0,133.0,0.0,8.3,188.0,246.0,51.2,0.0,5.0,0.0,0.0,0.0,1.0,0.0,10.0,10.7,6,54.6,6,1.0,134.0,2,306.0
2026-02-04,1.0,93.6,1.0,0.0,0.0,83.0,36.4,5.0,4.6,168.0,162.0,0.0,2.9,,,0.0,0.0,5.0,1.0,0.0,1.0,1.0,0.0,,10.7,6,54.6,6,1.0,205.0,3,552.0
2026-02-05,2.0,96.6,1.0,1.0,0.0,42.0,8.7,2.0,6.9,182.0,182.0,0.0,-13.8,,,55.3,0.0,5.0,0.0,0.0,1.0,1.0,0.0,,15.3,6,91.0,6,1.0,238.0,3,552.0
2026-02-06,2.0,186.2,1.0,1.0,0.0,85.0,4.0,1.0,0.0,145.0,136.0,0.0,0.6,142.0,183.0,63.6,0.0,4.0,0.0,0.0,1.0,1.0,0.0,7.4,22.2,6,99.7,6,1.0,196.0,3,433.0
2026-02-07,1.0,77.5,1.0,0.0,0.0,64.0,14.5,4.0,4.5,182.0,165.0,0.0,12.6,462.0,478.0,0.0,0.0,5.0,0.0,0.0,0.0,1.0,0.0,133.9,22.2,6,103.7,6,1.0,210.0,3,429.0
2026-02-08,1.0,149.2,1.0,0.0,0.0,53.0,0.0,0.0,0.0,133.0,125.0,0.0,19.0,196.0,222.0,0.0,0.0,5.0,0.0,0.0,0.0,1.0,0.0,8.0,26.7,7,118.2,7,1.0,191.0,3,907.0
2026-02-09,2.0,93.3,1.0,1.0,0.0,29.0,0.0,0.0,0.0,130.0,126.0,0.0,-5.5,,,61.4,0.0,4.0,0.0,0.0,1.0,1.0,0.0,,16.0,7,101.3,7,1.0,202.0,3,1129.0
2026-02-10,2.0,137.6,1.0,1.0,0.0,80.0,17.9,2.0,0.2,162.0,158.0,0.0,19.9,481.0,497.0,67.4,0.0,5.0,1.0,0.0,1.0,1.0,0.0,124.6,16.0,7,63.6,7,0.0,146.0,3,1129.0
2026-02-11,2.0,195.0,1.0,1.0,0.0,85.0,0.0,0.0,0.0,153.0,140.0,1.0,6.2,164.0,141.0,57.0,0.0,5.0,0.0,0.0,1.0,2.0,0.0,7.0,16.2,7,81.5,7,0.0,162.0,3,1380.0
2026-02-12,1.0,70.4,0.0,1.0,0.0,13.0,0.0,0.0,0.0,,,0.0,,,,70.4,0.0,,0.0,0.0,0.0,0.0,0.0,,11.6,7,45.1,7,1.0,194.0,3,1521.0
2026-02-13,1.0,60.3,1.0,0.0,0.0,48.0,24.2,4.0,0.0,152.0,150.0,0.0,12.6,,,0.0,0.0,5.0,0.0,0.0,1.0,1.0,1.0,,4.7,7,36.4,7,1.0,178.0,3,1521.0
2026-02-17,1.0,70.2,1.0,0.0,0.0,62.0,18.3,3.0,0.9,166.0,159.0,0.0,0.6,470.0,486.0,0.0,0.0,4.0,1.0,0.0,1.0,1.0,1.0,136.0,0.2,4,42.1,4,1.0,,0,638.0
2026-02-18,2.0,199.2,1.0,1.0,0.0,92.0,17.7,2.0,0.0,153.0,143.0,0.0,13.5,350.0,358.0,57.4,0.0,5.0,0.0,0.0,1.0,1.0,1.0,14.3,0.9,4,42.5,4,1.0,62.0,1,627.0
2026-02-19,2.0,117.3,1.0,1.0,0.0,66.0,15.7,4.0,0.4,164.0,152.0,0.0,-11.7,505.0,526.0,39.8,0.0,5.0,0.0,0.0,0.0,1.0,1.0,128.6,0.9,4,60.2,4,0.0,154.0,2,844.0
2026-02-20,1.0,49.2,0.0,1.0,0.0,10.0,0.0,0.0,0.0,,,0.0,,,,49.2,0.0,,0.0,0.0,0.0,0.0,0.0,,1.3,4,75.9,4,0.0,220.0,3,1370.0
2026-02-21,1.0,62.2,1.0,0.0,0.0,41.0,0.0,0.0,0.0,146.0,140.0,0.0,-3.3,218.0,216.0,0.0,0.0,4.0,0.0,0.0,0.0,1.0,1.0,51.5,1.3,4,51.7,4,0.0,168.0,3,1370.0
2026-02-22,1.0,62.7,1.0,0.0,0.0,58.0,20.1,2.0,3.3,170.0,162.0,1.0,13.0,212.0,210.0,0.0,0.0,5.0,0.0,0.0,0.0,1.0,1.0,46.7,1.3,5,51.7,5,0.0,117.0,3,1586.0
2026-02-24,2.0,165.7,1.0,1.0,0.0,90.0,56.4,4.0,1.0,158.0,154.0,0.0,-26.3,655.0,752.0,63.9,0.0,5.0,0.0,0.0,1.0,1.0,1.0,47.2,4.6,6,71.8,6,1.0,99.0,2,1796.0
2026-02-25,2.0,140.7,1.0,1.0,0.0,103.0,43.4,4.0,15.2,170.0,165.0,0.0,-3.7,542.0,550.0,60.0,0.0,5.0,1.0,0.0,1.0,1.0,2.0,133.0,4.7,6,109.9,6,1.0,148.0,2,2062.0
2026-02-26,1.0,58.7,1.0,0.0,0.0,28.0,0.0,0.0,0.0,132.0,,0.0,,,,0.0,0.0,5.0,0.0,0.0,0.0,1.0,1.0,,19.9,6,135.6,6,1.0,193.0,2,2254.0
2026-02-28,1.0,61.5,1.0,0.0,0.0,55.0,22.7,3.0,3.5,168.0,162.0,1.0,10.3,351.0,1172.0,0.0,0.0,5.0,0.0,0.0,1.0,1.0,1.0,174.9,19.5,5,119.9,5,1.0,131.0,2,1728.0
2026-03-01,1.0,67.7,1.0,0.0,0.0,58.0,19.8,4.0,0.4,163.0,158.0,0.0,3.5,381.0,364.0,0.0,0.0,6.0,0.0,0.0,0.0,1.0,1.0,88.9,23.0,5,142.6,5,2.0,83.0,2,2684.0
2026-03-02,1.0,51.5,0.0,1.0,0.0,3.0,0.0,0.0,0.0,,,0.0,,,,51.5,0.0,,0.0,0.0,0.0,0.0,0.0,,20.1,5,142.3,5,1.0,113.0,2,2838.0
2026-03-04,2.0,161.4,1.0,1.0,0.0,100.0,55.7,4.0,0.5,157.0,152.0,0.0,-19.0,817.0,870.0,36.1,0.0,5.0,0.0,0.0,1.0,1.0,1.0,45.2,19.1,5,85.9,5,1.0,61.0,2,2086.0
2026-03-05,1.0,88.7,1.0,0.0,0.0,75.0,39.1,4.0,0.0,156.0,152.0,0.0,6.8,,,0.0,0.0,6.0,0.0,0.0,1.0,1.0,1.0,,4.4,5,98.2,5,1.0,103.0,2,2406.0
2026-03-06,1.0,24.9,0.0,1.0,0.0,2.0,0.0,0.0,0.0,,,0.0,,,,24.9,0.0,,0.0,0.0,0.0,0.0,0.0,,4.4,5,137.3,5,1.0,175.0,2,2406.0
2026-03-07,1.0,100.3,1.0,0.0,0.0,86.0,28.4,5.0,4.2,177.0,160.0,0.0,10.6,381.0,378.0,0.0,0.0,5.0,0.0,0.0,1.0,1.0,1.0,62.1,4.4,6,137.3,6,1.0,177.0,3,2406.0
2026-03-08,1.0,99.3,1.0,0.0,0.0,78.0,22.2,4.0,0.7,166.0,154.0,0.0,-6.0,378.0,377.0,0.0,0.0,5.0,0.0,0.0,0.0,1.0,1.0,63.4,5.1,6,143.0,6,0.0,163.0,3,1612.0
2026-03-09,1.0,129.9,1.0,0.0,0.0,64.0,7.2,1.0,0.0,155.0,144.0,0.0,36.4,409.0,428.0,0.0,0.0,4.0,0.0,0.0,1.0,1.0,1.0,18.6,5.4,6,145.4,6,0.0,166.0,3,1625.0
2026-03-10,2.0,138.1,1.0,1.0,0.0,56.0,23.2,2.0,0.9,163.0,157.0,0.0,1.5,411.0,426.0,69.5,0.0,5.0,0.0,0.0,0.0,1.0,0.0,103.1,5.4,6,152.6,6,0.0,228.0,3,2053.0
