Fecha,HR_stable,RRbar_s,RMSSD_stable,lnRMSSD,cRMSSD,beta_mode,beta_est_90d,beta_use_90d,R2_winsor_90d,Color_Agudo_Diario,Color_Tendencia,Color_Tiebreak
2025-05-12,52.20627925525487,1.149287037037037,47.38349236640552,3.858273905731509,47.38349236640552,none,,,,Indef,Indef,Indef
2025-05-13,49.904594158226914,1.202294117647059,52.969667870260565,3.96971944538878,52.969667870260565,none,,,,Indef,Indef,Indef
2025-05-14,45.390684102453264,1.3218571428571426,59.52782102017373,4.086443783441027,59.52782102017373,none,,,,Verde,Indef,Verde
2025-05-15,54.41554729922834,1.102626050420168,30.383762041271165,3.4139083223275444,30.383762041271165,none,,,,Rojo,Indef,Rojo
2025-05-16,49.43344793213581,1.213753086419753,49.06023677376757,3.89304886502676,49.06023677376757,none,,,,Verde,Indef,Verde
2025-05-17,47.52823822795951,1.2624074074074074,50.62502368647164,3.924445993307515,50.62502368647164,none,,,,Verde,Indef,Verde
2025-05-19,48.83279289986695,1.2286825396825394,53.33689154797083,3.9766282408647218,53.33689154797083,none,,,,Verde,Indef,Verde
2025-05-21,51.472965489425306,1.1656604477611945,38.33212829892299,3.6462884035207592,38.33212829892299,none,,,,Rojo,Indef,Rojo
2025-05-22,53.30888165175324,1.1255160142348757,34.5570439377312,3.542611406068429,34.5570439377312,none,,,,Rojo,Indef,Rojo
2025-05-23,49.486043960508674,1.212463054187192,44.57316823754704,3.797132068963087,44.57316823754704,none,,,,Verde,Indef,Verde
2025-05-24,54.54767749155922,1.099955172413793,43.55746313957816,3.7740810580671487,43.55746313957816,none,,,,Verde,Indef,Verde
2025-05-25,51.16600366832614,1.1726536312849165,46.12909340564767,3.8314438443449057,46.12909340564767,none,,,,Verde,Indef,Verde
2025-05-26,46.49830027221695,1.2903697478991596,57.72731622009362,4.055730479512982,57.72731622009362,none,,,,Verde,Indef,Verde
2025-05-27,48.33179899050824,1.241418719211823,44.651122855727,3.798879454950917,44.651122855727,none,,,,Verde,Indef,Verde
2025-05-28,49.547373833377485,1.2109622641509432,44.52795342662445,3.796117158848395,44.52795342662445,none,,,,Verde,Indef,Verde
2025-05-29,48.992135277677775,1.2246863636363636,46.802216705883424,3.845930567312221,46.802216705883424,none,,,,Verde,Verde,Verde
2025-05-30,45.90497596761027,1.3070478468899522,57.18660413337808,4.046319677485768,57.18660413337808,none,,,,Verde,Verde,Verde
2025-05-31,52.57519025370843,1.1412226890756303,33.42363296391236,3.5092632235401884,33.42363296391236,none,,,,Rojo,Rojo,Rojo
2025-06-01,52.67371559506391,1.1390880503144654,41.483182500620025,3.7252881041554335,41.483182500620025,none,,,,Verde,Ámbar,Verde
2025-06-02,48.53999543435686,1.2360940594059406,51.13609779316796,3.934490662555309,51.13609779316796,none,,,,Verde,Verde,Verde
2025-06-03,46.79241623430151,1.282259067357513,60.10732588462077,4.096131729031395,60.10732588462077,none,,,,Verde,Verde,Verde
2025-06-04,46.68736112382554,1.285144385026738,57.86720058224527,4.058150740167279,57.86720058224527,none,,,,Verde,Verde,Verde
2025-06-05,51.74705498378255,1.1594862745098038,34.69728483329999,3.546661437012404,34.69728483329999,none,,,,Ámbar,Rojo,Ámbar
2025-06-06,46.4767371699744,1.2909684210526315,50.2305323780141,3.916623056511562,50.2305323780141,none,,,,Verde,Verde,Verde
2025-06-07,50.30399878967823,1.1927481203007515,42.25430646803163,3.743706276846288,42.25430646803163,none,,,,Verde,Ámbar,Verde
2025-06-09,50.0500835843096,1.1987991967871483,39.55197682755872,3.677615675962248,39.55197682755872,none,,,,Verde,Ámbar,Verde
2025-06-10,51.47116166623959,1.165701298701299,47.45843056379916,3.859854181851466,47.45843056379916,none,,,,Verde,Verde,Verde
2025-06-11,47.57242596902336,1.2612348178137651,35.658155659549344,3.573977890950219,35.658155659549344,none,,,,Ámbar,Rojo,Ámbar
2025-06-12,53.37092794924728,1.1242075471698112,30.32663452981157,3.412026353783527,30.32663452981157,none,,,,Rojo,Rojo,Rojo
2025-06-13,51.31193857770907,1.1693185185185186,38.51297275765623,3.650995139281556,38.51297275765623,none,,,,Verde,Ámbar,Verde
2025-06-14,50.68046721843659,1.1838880597014927,40.74139692279799,3.707244698939288,40.74139692279799,none,,,,Verde,Verde,Verde
2025-06-16,57.55529523250305,1.0424757575757575,34.139442288309844,3.530453381213817,34.139442288309844,none,,,,Ámbar,Rojo,Ámbar
2025-06-17,49.23403664798268,1.2186691176470588,45.19114794291602,3.810901225687758,45.19114794291602,none,,,,Verde,Verde,Verde
2025-06-18,53.99656385502741,1.1111818181818185,33.87672730741893,3.5227282685248005,33.87672730741893,none,,,,Ámbar,Rojo,Ámbar
2025-06-19,54.17713567839197,1.107478260869565,23.70193830037179,3.165556829622703,23.70193830037179,none,,,,Rojo,Rojo,Rojo
2025-06-20,65.15784298364571,0.9208407960199004,205.02423027535065,5.323128168618881,205.02423027535065,none,,,,Indef,Indef,Indef
2025-06-21,58.283835147647935,1.0294449541284405,23.38803112705301,3.1522244012109915,23.38803112705301,none,,,,Rojo,Rojo,Rojo
2025-06-22,52.67495949901945,1.1390611510791366,38.81833092605189,3.658892581609225,38.81833092605189,none,,,,Verde,Verde,Verde
2025-06-23,54.06480543902792,1.1097792642140467,42.72166826795644,3.754706245105669,42.72166826795644,none,,,,Verde,Verde,Verde
2025-06-24,51.26719768283852,1.1703389830508475,44.55448983102113,3.7967129306797727,44.55448983102113,none,,,,Verde,Verde,Verde
2025-06-25,60.954961056552655,0.9843333333333334,308.6621437195,5.732247292694145,308.6621437195,none,,,,Indef,Indef,Indef
2025-06-27,52.26480836236933,1.148,246.88167890769392,5.508909189092756,246.88167890769392,none,,,,Indef,Indef,Indef
2025-06-28,52.1364615210246,1.1508260869565217,42.194090461121085,3.74228017476962,42.194090461121085,none,,,,Verde,Verde,Verde
2025-06-29,51.25998883264529,1.1705035714285714,44.45222154178574,3.794414939153907,44.45222154178574,none,,,,Verde,Verde,Verde
2025-06-30,52.4531181306881,1.143878612716763,45.923027106285694,3.826966671142728,45.923027106285694,none,,,,Verde,Verde,Verde
2025-07-01,46.88770535371705,1.279653153153153,54.15513161781612,3.9918527356755904,54.15513161781612,none,,,,Verde,Verde,Verde
2025-07-02,44.466403162055336,1.3493333333333333,65.95568620197112,4.188983095340023,65.95568620197112,none,,,,Verde,Verde,Verde
2025-07-03,48.63930538248181,1.2335702479338844,52.907105626051234,3.968537651697402,52.907105626051234,none,,,,Verde,Verde,Verde
2025-07-04,48.36441103169185,1.2405816326530612,55.07319139342128,4.00866305317364,55.07319139342128,none,,,,Verde,Verde,Verde
2025-07-05,51.650439325575874,1.1616551724137931,36.40928230754198,3.5948237505825227,36.40928230754198,none,,,,Verde,Ámbar,Verde
2025-07-06,48.27093017316239,1.2429841269841269,56.32273959970287,4.031098354127366,56.32273959970287,none,,,,Verde,Verde,Verde
2025-07-07,45.31197293364817,1.3241533333333333,61.47089669867847,4.1185638383947305,61.47089669867847,none,,,,Verde,Verde,Verde
2025-07-08,48.282639141435645,1.242682692307692,58.47934451530523,4.068673606680094,58.47934451530523,none,,,,Verde,Verde,Verde
2025-07-09,52.22418556178842,1.1488929765886289,39.735577350562686,3.682246941312069,39.735577350562686,none,,,,Verde,Verde,Verde
2025-07-10,48.80068616722368,1.2294909090909092,47.62095625302536,3.863272921769012,47.62095625302536,none,,,,Verde,Verde,Verde
2025-07-11,47.664413856128725,1.2588007518796993,54.570328519415966,3.999490301326913,54.570328519415966,none,,,,Verde,Verde,Verde
2025-07-12,50.93134167191578,1.1780565371024734,43.515995265782806,3.773128577766266,43.515995265782806,none,,,,Verde,Verde,Verde
2025-07-13,45.95646901129764,1.305583333333333,46.090024111304686,3.830596529867552,46.090024111304686,none,,,,Verde,Verde,Verde
2025-07-14,53.32888925922839,1.1250937500000002,43.11931424923224,3.763971023163342,43.11931424923224,none,,,,Verde,Verde,Verde
2025-07-15,53.21828850708219,1.1274319727891158,31.73256421090672,3.4573434157842287,31.73256421090672,none,,,,Ámbar,Rojo,Ámbar
2025-07-16,51.17139334155363,1.1725301204819278,37.26728869198312,3.618115963111709,37.26728869198312,none,,,,Verde,Ámbar,Verde
2025-07-17,47.34296202271089,1.2673478260869566,56.62204125210919,4.036398330819654,56.62204125210919,none,,,,Verde,Verde,Verde
2025-07-18,49.66953735229321,1.207983870967742,45.44821823284758,3.816573617057405,45.44821823284758,none,,,,Verde,Verde,Verde
2025-07-19,48.880974826297965,1.2274714285714283,57.27128425310541,4.047799350689095,53.11029449402867,active,2.883033872714193,2.883033872714193,0.6540100437621601,Verde,Verde,Verde
2025-07-20,48.40059136286349,1.239654275092937,62.327523208079846,4.132403113276538,56.536676279216834,active,2.909797366774874,2.909797366774874,0.6495113571070394,Verde,Verde,Verde
2025-07-22,52.39740322022006,1.1450949152542371,50.647843800428994,3.924896659214581,58.2703721681664,active,2.964657960343424,2.964657960343424,0.650091661790624,Verde,Verde,Verde
2025-07-23,54.25394083351328,1.105910447761194,33.42110111890391,3.5091874705270483,42.242831913062325,active,2.9044386964751263,2.9044386964751263,0.6225873739080219,Ámbar,Ámbar,Verde
2025-07-24,48.03177486645011,1.249173076923077,51.26138379520235,3.93693771618611,45.07559877836163,active,2.9434964048464733,2.9434964048464733,0.6357289727619427,Verde,Verde,Verde
2025-07-25,47.954187455867405,1.2511941747572817,56.58621740318045,4.03576544677833,49.888119097276174,active,2.9450283651402094,2.9450283651402094,0.6386938733726208,Verde,Verde,Verde
2025-07-26,49.04134602843354,1.2234574468085109,54.4507823684358,3.997297217842057,51.475530510050696,active,2.972449530962165,2.972449530962165,0.6431724564455006,Verde,Verde,Verde
2025-07-27,49.20913884007029,1.2192857142857143,59.39389075704048,4.084191371871184,56.953359476228144,active,2.989850256121688,2.989850256121688,0.6423229101782296,Verde,Verde,Verde
2025-07-29,50.97338688573085,1.1770848214285716,49.047062600891664,3.892780298405539,52.63821352243264,clipped,3.02420666433794,3.0,0.6366741358263548,Verde,Verde,Verde
2025-07-30,52.52414135036623,1.1423318584070798,47.01224426796824,3.850408084121319,54.810818048628654,clipped,3.0102570676769536,3.0,0.6307798310506023,Verde,Verde,Verde
2025-07-31,49.86314734018048,1.2032934782608695,49.0361647617904,3.8925580822440375,48.705504165731945,active,2.960597567046092,2.960597567046092,0.6184207859747008,Verde,Verde,Verde
2025-08-01,48.35866898520603,1.2407289377289377,65.76028772121113,4.186016126060906,59.90845495107535,active,2.961731682495608,2.961731682495608,0.6179879472978231,Verde,Verde,Verde
2025-08-02,49.31202256996329,1.2167418181818184,52.509366561046384,3.960991564370882,50.72417774595157,clipped,3.026198943980089,3.0,0.6200502282504659,Verde,Verde,Verde
2025-08-03,49.569916846613616,1.2104115523465704,44.075692469508255,3.7859084393234927,43.3026677504699,clipped,3.044057638431192,3.0,0.6194049924826819,Verde,Ámbar,Ámbar
2025-08-04,48.47665775479625,1.2377090909090909,41.90438126198467,3.7353903861867535,38.73068718930495,clipped,3.048114640655464,3.0,0.616922678693159,Verde,Rojo,Ámbar
2025-08-05,50.732735361226425,1.1826683417085426,38.58167252135987,3.652777358569012,41.112656781465866,clipped,3.0178377424528384,3.0,0.6027279372818278,Ámbar,Rojo,Verde
2025-08-06,50.51811134432303,1.187692857142857,47.70717881403453,3.865081885816427,49.902558671519735,clipped,3.03717858439943,3.0,0.5997679473002093,Verde,Verde,Verde
2025-08-07,51.25946802888849,1.170515463917526,40.672344207499705,3.705548357980175,44.18576984199054,clipped,3.041651930931022,3.0,0.5974011207174816,Ámbar,Verde,Verde
2025-08-08,52.24707461422742,1.1483896551724138,37.3033018937993,3.619081845353839,42.86008225173772,clipped,3.056612818501685,3.0,0.5980648402287799,Ámbar,Ámbar,Verde
2025-08-09,55.98535093790795,1.0717089201877934,33.56906426267641,3.513604936390654,47.3959099637941,clipped,3.084120871955649,3.0,0.6018317671605407,Rojo,Verde,Rojo
2025-08-10,52.13203472159011,1.1509238095238097,34.952577763416706,3.5539922217086874,39.67131674258415,clipped,3.047146819702471,3.0,0.6178198992720745,Ámbar,Rojo,Ámbar
2025-08-11,49.57865586755205,1.210198198198198,45.82309487688916,3.824788218980245,44.73547370760886,clipped,3.116837782741403,3.0,0.6301023339594277,Verde,Verde,Verde
2025-08-12,48.35248769341804,1.2408875502008032,59.47607271673586,4.085574092457403,53.92923894060834,clipped,3.1101271184247,3.0,0.6340047933341719,Verde,Verde,Verde
2025-08-13,46.62132085933168,1.286964824120603,56.24347324648687,4.029690003178826,45.71422816874031,frozen,3.1506228587470866,3.0,0.6282426269743122,Verde,Verde,Verde
2025-08-14,49.76845067119996,1.205583038869258,48.378787626382106,3.879061445471075,48.385485748423896,frozen,3.185619868531753,3.0,0.6203679291894553,Verde,Verde,Verde
2025-08-15,46.83136008425884,1.2811927710843372,56.65384838283599,4.036959917785164,47.06950206870904,frozen,3.1843418584800696,3.0,0.6198322919017742,Verde,Verde,Verde
2025-08-16,46.65753746827856,1.2859658536585366,53.29891659127719,3.9759160043475217,43.79088249097455,frozen,3.206994541764037,3.0,0.6266622324070457,Verde,Ámbar,Verde
2025-08-17,51.98011262357735,1.154287610619469,33.948915872070046,3.524856920418841,38.67899625317358,frozen,3.1604132676467103,3.0,0.6270577372535453,Ámbar,Rojo,Ámbar
2025-08-18,44.86880500186953,1.3372319587628867,52.181677446589376,3.954731426500979,38.02003239402505,frozen,3.2049037426073346,3.0,0.6277250750580619,Verde,Rojo,Ámbar
2025-08-19,49.85489991814868,1.2034925373134326,39.53786064321673,3.677258710138487,39.63114211672563,frozen,3.1619684627025064,3.0,0.6275733302783237,Ámbar,Rojo,Ámbar
2025-08-20,48.54821583802823,1.2358847583643124,52.55040224507707,3.961772751814636,48.65230299252137,clipped,3.1462000503967165,3.0,0.6204264029066566,Verde,Verde,Verde
2025-08-21,50.76142131979696,1.182,53.27365575032133,3.975441945387061,56.69543768720785,clipped,3.127793396003565,3.0,0.6132965158316643,Verde,Verde,Verde
2025-08-22,49.17628016076597,1.220100418410042,49.75224330907818,3.907055554227767,47.87262331263676,clipped,3.110210300815016,3.0,0.6017307726078228,Verde,Verde,Verde
2025-08-23,49.2627015665539,1.2179600000000002,50.8885285282098,3.929637525429504,49.50041712675301,frozen,3.1877641719907643,3.0,0.6108433983587387,Verde,Verde,Verde
2025-08-24,47.250764765864,1.269820717131474,60.5671197928381,4.103752168150797,52.28615420841843,frozen,3.2071396648717654,3.0,0.6138048157615944,Verde,Verde,Verde
2025-08-25,47.92462025830559,1.251966101694915,56.48129044394052,4.033909440727459,50.87493918714108,frozen,3.255966965668473,3.0,0.613212123419919,Verde,Verde,Verde
2025-08-26,49.44721742781174,1.2134150943396225,51.40267355386147,3.939690185774969,50.85510221314645,frozen,3.301862240793833,3.0,0.6233818368022697,Verde,Verde,Verde
2025-08-27,48.63079603672014,1.233786096256685,46.1576308070554,3.83206229521226,43.44110826325482,frozen,3.308683513322501,3.0,0.6235791944520237,Verde,Ámbar,Verde
2025-08-28,53.42038878171836,1.1231666666666666,37.920741803919626,3.6354982395351336,47.30654263315703,frozen,3.300469304699468,3.0,0.6218029199732913,Ámbar,Verde,Ámbar
2025-08-29,48.88191274861674,1.2274478764478765,54.60109037159828,4.000053852727251,51.88958304062079,frozen,3.31051006530273,3.0,0.6232198823056032,Verde,Verde,Verde
2025-08-30,49.80973962118944,1.2045836909871246,48.23639704621397,3.87611386153291,48.77990242210952,frozen,3.2575678364466274,3.0,0.6165019822765098,Verde,Verde,Verde
2025-08-31,53.32347441539697,1.125208,40.88842016055166,3.710846897302236,50.73163972240299,frozen,3.282606468922187,3.0,0.6163878429330294,Rojo,Verde,Rojo
2025-09-01,49.48122125132114,1.212581227436823,50.63058879510616,3.924555915286233,49.90780834714083,frozen,3.2398715589537184,3.0,0.6137128186507478,Verde,Verde,Verde
2025-09-02,48.85004475671688,1.2282486187845305,56.92748799032756,4.041778317456321,53.99470951752273,frozen,3.221251913099944,3.0,0.6066247652469392,Verde,Verde,Verde
2025-09-03,48.5709319361327,1.2353067484662577,63.10954614648098,4.1448720441027085,58.83810230342304,frozen,3.240266024152882,3.0,0.6002211180458223,Verde,Verde,Verde
2025-09-04,49.11294197199138,1.2216739130434784,49.50978669013016,3.9021703609441385,47.99568087051125,frozen,3.2698578624783057,3.0,0.5999886088445309,Verde,Verde,Verde
2025-09-05,47.06867990631962,1.2747330097087377,63.43735146564374,4.150052827805089,54.13328081363667,frozen,3.433419920623833,3.0,0.6128649813468416,Verde,Verde,Verde
2025-09-06,50.6949624735488,1.1835495495495496,40.910065804920144,3.711376140468983,43.74769671989626,frozen,3.4324662333239133,3.0,0.6178283112316346,Ámbar,Ámbar,Ámbar
2025-09-07,52.4801559410348,1.1432892857142856,47.14083224250638,3.853139552051048,55.91114044304917,frozen,3.433863430350048,3.0,0.6176872915650182,Ámbar,Verde,Ámbar
2025-09-08,49.15543357725742,1.2206178571428572,56.66227054421493,4.037108566741273,55.22355003283255,frozen,3.37206524842892,3.0,0.6116889213367376,Verde,Verde,Verde
2025-09-09,51.410811795228526,1.1670696864111498,50.65721909218712,3.925081749505573,56.513233702625065,frozen,3.412179925993501,3.0,0.6151716114585473,Verde,Verde,Verde
2025-09-10,50.62325549140965,1.1852260273972604,34.94320515074278,3.5537240334907625,37.19878063498811,frozen,3.537672925017528,3.0,0.6699623854185991,Rojo,Rojo,Rojo
2025-09-11,46.49560874806268,1.2904444444444445,84.66390078195978,4.438689309887209,69.83125438601611,frozen,3.45916411176361,3.0,0.644186648650918,Verde,Verde,Verde
2025-09-12,48.75384635878035,1.230672131147541,46.465399313180725,3.838707934821095,44.20809040658112,frozen,3.395176402911538,3.0,0.6455441257024725,Verde,Ámbar,Verde
2025-09-13,49.39771766694843,1.214631016042781,43.2316217401056,3.766572212204574,43.01312026326193,frozen,3.368398386075405,3.0,0.642474195689748,Ámbar,Rojo,Ámbar
2025-09-14,47.9604733306588,1.2510301886792454,60.634148794223215,4.104858245818138,55.27062084344823,frozen,3.365377799099611,3.0,0.6379387587211758,Verde,Verde,Verde
2025-09-15,51.802222547598966,1.1582514619883042,40.27661706689056,3.69577107889366,46.37940982142769,frozen,3.3566736052971407,3.0,0.6319445017855928,Ámbar,Verde,Verde
2025-09-16,44.90291988720387,1.3362159999999998,67.56705152374863,4.213120460734382,50.54583690212516,frozen,3.3763273731703296,3.0,0.6387954304178521,Verde,Verde,Verde
2025-09-17,45.721323147382,1.3122979797979797,56.27971296453598,4.03033413210056,44.55898567861569,frozen,3.28434901811806,3.0,0.633130702524394,Verde,Ámbar,Ámbar
2025-09-18,50.95906498154569,1.1774156378600824,41.05257664978872,3.714853602498336,45.18722949988106,frozen,3.2271911649245646,3.0,0.6196677744636172,Ámbar,Ámbar,Verde
2025-09-19,57.780349244933525,1.0384153225806454,33.518379754643846,3.5120939377703246,53.64173965024686,frozen,3.252357970392862,3.0,0.6217597638771788,Rojo,Verde,Ámbar
2025-09-20,60.15999205316927,0.9973405572755416,36.18366708855192,3.588607831617849,65.36048089111185,frozen,3.2523579703928656,3.0,0.6217597638771787,Rojo,Verde,Rojo
2025-09-21,53.838786106770186,1.1144382022471908,43.01819349707066,3.761623130793097,55.69513949724025,frozen,3.246349949200778,3.0,0.626513857646555,Verde,Verde,Verde
2025-09-24,55.04715333566188,1.0899746192893405,34.99220029710412,3.555125188000795,48.54972663460536,frozen,3.2337287055339705,3.0,0.6248727765081796,Ámbar,Verde,Verde
2025-09-26,51.1920853584884,1.1720561797752809,66.95639693792587,4.204041615562694,74.5212083839521,frozen,3.2376048089246474,3.0,0.6373015030852509,Verde,Verde,Verde
2025-09-27,46.41732104302451,1.2926209150326795,60.76085564693248,4.106945760033493,50.41310482358064,frozen,3.2011929088426245,3.0,0.5996996520570455,Verde,Verde,Verde
2025-09-29,44.795897227423225,1.339408376963351,66.2747868229016,4.193809535616187,49.75728330742522,frozen,3.2330675451781565,3.0,0.6094500142094585,Verde,Verde,Verde
2025-09-30,45.57825163740766,1.3164173228346456,64.45383186970149,4.1659491825394905,50.970081657718914,frozen,3.275065081858362,3.0,0.6144388355750113,Verde,Verde,Verde
2025-10-01,47.93210927473218,1.2517704918032788,57.88811046608219,4.058512017483628,53.24300983466297,frozen,3.27506508185836,3.0,0.6144388355750114,Verde,Verde,Verde
2025-10-02,50.46630712018848,1.188912037037037,42.18282467633502,3.742013140004609,45.28285901061367,frozen,3.286185292124327,3.0,0.6165343825075305,Verde,Ámbar,Verde
2025-10-03,46.65725336116399,1.285973684210526,61.37152088842952,4.116945898372397,51.8483971138477,frozen,3.28935188417029,3.0,0.6150072472938684,Verde,Verde,Verde
2025-10-05,55.30005399668571,1.0849898989898992,33.985290935932845,3.5259278114779464,47.930196641917824,frozen,3.2319387947761204,3.0,0.6169850840210052,Ámbar,Verde,Verde
2025-10-06,49.41354388309564,1.2142419928825623,54.23345699052253,3.993298005649966,54.28560021522184,frozen,3.388751982727672,3.0,0.6244361308396499,Verde,Verde,Verde
2025-10-07,47.53353755149467,1.2622666666666666,57.65162649201427,4.054418459535024,51.31850167124943,clipped,3.303990529879953,3.0,0.6001908354763685,Verde,Verde,Verde
2025-10-08,49.76090063701013,1.2057659574468085,60.3861975714886,4.10076056179844,61.7279322581034,frozen,3.372845497417241,3.0,0.6200060569460303,Verde,Verde,Verde
2025-10-09,48.576995910750064,1.2351525423728813,61.27531174777681,4.11537701708425,58.21561427381135,frozen,3.37826060408839,3.0,0.6106363595374289,Verde,Verde,Verde
2025-10-10,47.99360085321957,1.2501666666666666,46.292835471264674,3.8349872076771288,42.41561633400252,frozen,3.4076230954561324,3.0,0.607917935312069,Verde,Rojo,Ámbar
2025-10-11,50.457088591663705,1.1891292517006804,43.12454089491577,3.764092229379859,45.9589816678917,frozen,3.3656700739082286,3.0,0.5970940832528859,Ámbar,Ámbar,Verde
2025-10-12,47.12931714624339,1.2730929203539822,63.16373783887223,4.145730368112474,54.80286433899491,frozen,3.495406804469192,3.0,0.6230922031057273,Verde,Verde,Verde
2025-10-13,49.74235461438955,1.206215517241379,48.86609921176349,3.8890838884065846,49.89603543278089,frozen,3.619206193755143,3.0,0.6319894954540266,Verde,Verde,Verde
2025-10-14,47.74876158222989,1.2565770925110131,58.81348951280282,4.074371242076373,53.395522011705374,clipped,3.482749148435006,3.0,0.5993997594087411,Verde,Verde,Verde
2025-10-15,42.141436064387776,1.4237768240343347,90.55970596698948,4.506009367618655,56.52031187413428,frozen,3.472958206621381,3.0,0.6183358378502667,Verde,Verde,Verde
2025-10-16,50.10805859709409,1.1974121863799283,47.26132767416909,3.855692364342771,49.58727012228458,frozen,3.4942534992846137,3.0,0.6233296065207791,Verde,Ámbar,Verde
2025-10-17,47.94948115042567,1.2513169811320757,51.37941900186977,3.939237683752287,47.23701848568298,frozen,3.493013239118466,3.0,0.6247991680469265,Verde,Ámbar,Ámbar
2025-10-18,50.33450592523141,1.1920252100840336,41.28576955722748,3.720517877812597,43.907566397156046,frozen,3.466484562482447,3.0,0.623481754606013,Ámbar,Rojo,Ámbar
2025-10-19,51.72961444799056,1.159877192982456,36.56419205787365,3.599069402427204,41.99069427065054,frozen,3.4571582951322983,3.0,0.6235300820177683,Rojo,Rojo,Rojo
2025-10-20,50.49058225309748,1.1883404255319148,45.60124241299288,3.819934962048144,48.67192244086508,frozen,3.537767050092384,3.0,0.6275452259719475,Ámbar,Ámbar,Verde
2025-10-21,46.62754240694589,1.286793103448276,58.02466187870995,4.060868124977818,48.776528065239376,frozen,3.633934674526635,3.0,0.6474841867126292,Verde,Verde,Verde
2025-10-22,46.76466461941356,1.2830200000000005,51.75614448992807,3.9465431592020326,44.02773367454025,frozen,3.6783635514439377,3.0,0.6319498600725653,Verde,Rojo,Ámbar
2025-10-23,47.95932472309199,1.25106015037594,56.674209634858165,4.0373192507270215,52.0014666558031,frozen,3.625627842846637,3.0,0.6246819859436172,Verde,Verde,Verde
2025-10-24,52.43519693596068,1.144269565217391,41.79838278562284,3.732857649443092,50.12323940483472,frozen,3.626051191712727,3.0,0.6246985803083551,Ámbar,Verde,Verde
2025-10-25,50.8104824234391,1.1808586956521738,35.28486896705129,3.5634542308863484,38.38125331626229,frozen,3.599411788867054,3.0,0.628433968879712,Rojo,Rojo,Rojo
2025-10-26,49.47735723720881,1.212675925925926,45.32102546100661,3.813771063022232,45.45037778206756,frozen,3.68458636875492,3.0,0.6327724688807743,Verde,Ámbar,Verde
2025-10-27,51.27092636881204,1.17025386996904,36.70877499305424,3.6030158271087056,40.92209065763031,frozen,3.682737358628562,3.0,0.6316036194612973,Ámbar,Rojo,Ámbar
2025-10-28,49.07376323740348,1.2226492537313434,37.32181135738531,3.619577910636937,36.48255377425319,frozen,3.753427960990821,3.0,0.6391253840164184,Ámbar,Rojo,Rojo
2025-10-29,52.14648225839333,1.1506049382716048,38.23708932437195,3.643805969291774,44.93884120491242,frozen,3.843322633044159,3.0,0.6312374145356058,Verde,Ámbar,Verde
2025-10-30,48.809078690744464,1.22927950310559,39.5916657896583,3.6786186362535376,38.15641807760609,frozen,3.860152889465065,3.0,0.6386982171693658,Verde,Rojo,Rojo
2025-10-31,46.44580470255247,1.291828193832599,48.175977195704725,3.874860498385412,40.00663291948762,frozen,3.7721345707585527,3.0,0.6261988983402063,Verde,Rojo,Ámbar
2025-11-01,53.69719928648927,1.1173767123287672,37.78288490510718,3.6318562198014255,48.48551497136159,frozen,3.648503463727219,3.0,0.6106919450052313,Verde,Verde,Verde
2025-11-02,53.5931032336373,1.119547038327526,41.12487379622269,3.716613140295969,52.46785224097064,frozen,3.5153823329830924,3.0,0.6207800562199821,Verde,Verde,Verde
2025-11-03,51.48801531797644,1.1653197278911565,42.692914300933495,3.7540329650346473,48.20018271323383,frozen,3.3853626387566345,3.0,0.6317706108951353,Verde,Verde,Verde
2025-11-04,48.07171780602412,1.2481351351351353,43.72406063325854,3.777898537157792,40.17573591907741,frozen,3.3627440587153643,3.0,0.6342527084532387,Verde,Rojo,Ámbar
2025-11-05,49.41482444733419,1.2142105263157896,50.80846386184098,3.928062952159852,50.8124141060175,frozen,3.333251280019404,3.0,0.623257246469741,Verde,Verde,Verde
2025-11-06,51.856241798247474,1.1570448979591836,33.976848434017505,3.5256793642678668,39.26885178583128,frozen,3.322462384236263,3.0,0.6201826353780325,Ámbar,Rojo,Ámbar
2025-11-07,46.92354456056528,1.27867578125,46.79559221743424,3.84578901509991,40.07184825865141,frozen,3.394483950945965,3.0,0.6192780149609056,Verde,Ámbar,Ámbar
2025-11-08,53.27994027216887,1.1261273885350318,32.20833738032921,3.472225343890052,40.414652035915175,frozen,3.3591786532803005,3.0,0.5949636916814123,Ámbar,Ámbar,Ámbar
2025-11-09,48.41765490141043,1.2392173913043478,46.36991055254649,3.836650769407472,43.66433590775465,frozen,3.2514283317079484,3.0,0.597421162158285,Verde,Verde,Verde
2025-11-10,48.58863469101901,1.23485667752443,52.041649986653326,3.9520443592649146,49.93447295750748,frozen,3.236590545157828,3.0,0.5937594626817274,Verde,Verde,Verde
2025-11-11,49.35517341301618,1.2156780303030303,45.29703403950048,3.8132415566037774,45.552596636140414,frozen,3.219951117307416,3.0,0.5948775312087177,Verde,Verde,Verde
2025-11-12,47.49575079821454,1.2632709030100335,56.05872400360849,4.02639978421482,49.95850497375902,frozen,3.232918642026859,3.0,0.5907751803584075,Verde,Verde,Verde
2025-11-13,48.9595387226735,1.2255017421602787,40.14375392288295,3.69246685974485,39.407171089621926,frozen,3.239297996413017,3.0,0.5941719215017947,Verde,Rojo,Verde
2025-11-14,49.37156432997281,1.2152744360902257,47.356655606035766,3.857707371655683,47.67130201323572,frozen,3.230352516731678,3.0,0.5789360678545666,Verde,Verde,Verde
2025-11-15,47.85182822131939,1.2538705882352943,47.92198059543022,3.86957428424336,43.6749400521296,frozen,3.262681699842859,3.0,0.5797998081130082,Verde,Verde,Verde
2025-11-16,51.03957988016995,1.1755582655826555,47.80175888159257,3.867062435506466,53.16312178067491,frozen,3.174459281310538,3.0,0.5670644361124628,Verde,Verde,Verde
2025-11-17,52.00172282130485,1.1538079268292682,34.86430664269462,3.551463573559828,40.77896345491493,frozen,3.220365607790516,3.0,0.5669912712974351,Ámbar,Verde,Verde
2025-11-18,50.658086062459546,1.184411111111111,45.301896631820085,3.813348899864637,48.98517576523136,frozen,3.27759261195034,3.0,0.5803402616072408,Verde,Verde,Verde
2025-11-19,51.78218733690146,1.158699604743083,39.93834534093053,3.687336898509814,46.07873826667366,frozen,3.271980651494466,3.0,0.5797256553947439,Verde,Verde,Verde
2025-11-20,53.40573722110732,1.1234748010610078,33.87088280703146,3.5225557310613502,42.87060335660872,frozen,3.3125763814487046,3.0,0.5949611226753075,Ámbar,Verde,Verde
2025-11-21,52.78476450321476,1.136691629955947,33.259704818319875,3.504346598750049,40.58107100912256,frozen,3.371282405329284,3.0,0.6067358071675726,Ámbar,Ámbar,Verde
2025-11-22,56.37842435660408,1.0642369077306733,31.25727915222309,3.4422522819289005,46.42500590314703,frozen,3.450061057559559,3.0,0.6167303059438694,Ámbar,Verde,Verde
2025-11-23,52.58922713148545,1.1409180790960451,40.51369858913285,3.701640153692045,48.83379629696935,frozen,3.4493717128393406,3.0,0.6211252959633236,Verde,Verde,Verde
2025-11-24,57.8263233331686,1.0375897435897434,27.779278458741736,3.324290363581458,44.42957202637773,frozen,3.4209501637698967,3.0,0.6198364123304726,Ámbar,Verde,Verde
2025-11-25,48.09009283214123,1.2476582278481012,52.311445096991854,3.957215182636417,48.03348315919366,frozen,3.4171847996034703,3.0,0.6293823107100831,Verde,Verde,Verde
2025-11-26,50.05364764645545,1.1987138364779877,42.753862334056976,3.75545953829721,44.2652649085237,frozen,3.429125329886974,3.0,0.6335789618677001,Verde,Verde,Verde
2025-11-27,47.50506060853984,1.2630233333333332,55.51621535393132,4.016675146618776,49.13828538262844,frozen,3.446219876172592,3.0,0.628391601515129,Verde,Verde,Verde
2025-11-28,51.57167038425641,1.1634294478527607,39.791417706295945,3.683651253517508,45.06128003200634,frozen,3.4394165867120514,3.0,0.6317452201203426,Verde,Verde,Verde
2025-11-29,49.89312798290048,1.2025704225352114,51.47918397739735,3.941177531347386,52.78789788604459,frozen,3.4470670943129345,3.0,0.6344256108783258,Verde,Verde,Verde
2025-11-30,54.84861228981624,1.0939201101928375,29.818789730545323,3.3951387226828285,40.62257617524471,frozen,3.489078073187061,3.0,0.6336181925046183,Rojo,Ámbar,Ámbar
2025-12-01,49.630808099494175,1.208926517571885,46.10474417993702,3.830915855335368,46.53504874205475,frozen,3.520762122664,3.0,0.6462518216968308,Verde,Verde,Verde
2025-12-02,49.02054797147756,1.2239765258215962,36.76634535745151,3.604582898408596,35.426716974078616,frozen,3.5049671781080494,3.0,0.6472137003025424,Ámbar,Rojo,Rojo
2025-12-03,55.14097709811417,1.0881200000000002,35.28307188001525,3.5634032987770974,48.38778279141842,frozen,3.4054035326389656,3.0,0.6329445645151782,Verde,Verde,Verde
2025-12-04,50.728473331624826,1.182767705382436,45.42763976419483,3.816120725179231,48.18329910723559,frozen,3.377612365032516,3.0,0.6399952343683584,Verde,Verde,Verde
2025-12-05,49.57229144966495,1.2103535714285714,40.36748753860228,3.6980246970748185,39.91020940331289,frozen,3.330713378345409,3.0,0.6326055815416187,Verde,Rojo,Ámbar
2025-12-06,51.22979039854574,1.1711935483870968,42.65471205425792,3.7531377497636815,46.59676146889306,frozen,3.3199734027242744,3.0,0.6273414152410473,Verde,Verde,Verde
2025-12-07,52.18806408469805,1.1496881720430108,38.50802415767786,3.650866639257319,44.47190965888108,frozen,3.373017939589704,3.0,0.6404070795431309,Verde,Verde,Verde
2025-12-08,47.90453722341263,1.2524909638554216,45.71585695400749,3.822445217016708,40.787972310342575,frozen,3.362046470397345,3.0,0.6468225741083518,Verde,Ámbar,Ámbar
2025-12-09,49.85714285714285,1.2034383954154728,37.4452090147848,3.622878771600154,37.70503967620957,frozen,3.3662776163227885,3.0,0.6542238229309135,Verde,Rojo,Rojo
2025-12-10,51.46740397748093,1.1657864077669902,35.97099300356244,3.582712863764137,39.84466666723289,frozen,3.348641493718317,3.0,0.6531113866916378,Verde,Rojo,Ámbar
2025-12-11,53.13601127554615,1.1291777188328913,28.60911363497169,3.353725325630393,34.83425746504803,frozen,3.3401944357790456,3.0,0.6452152042993504,Ámbar,Rojo,Rojo
2025-12-12,51.118138758100045,1.1737516556291392,30.762351326519443,3.4262915827601708,33.156025463746715,frozen,3.4061188591476848,3.0,0.6554142060752586,Ámbar,Rojo,Rojo
2025-12-13,53.20146645067781,1.1277884615384617,32.986431804540366,3.496096319479914,39.992997227273456,frozen,3.4417007883514104,3.0,0.6530548243281852,Verde,Ámbar,Verde
2025-12-14,51.89969819197248,1.1560760869565216,33.66443639702224,3.516441980345808,37.52827901307555,frozen,3.4421148829402264,3.0,0.6588689294805525,Verde,Rojo,Ámbar
2025-12-15,52.60048766999321,1.1406738351254482,37.32378260843131,3.619630726910255,43.31594233171999,frozen,3.4827834924468983,3.0,0.65928614375545,Verde,Verde,Verde
2025-12-16,49.88500241743446,1.2027663043478258,35.56205000481496,3.571279058163327,35.089247217161954,frozen,3.447030611668161,3.0,0.6545419708645521,Verde,Rojo,Ámbar
2025-12-17,50.99138767507378,1.1766692913385826,33.02570768993532,3.4972862790943213,34.80325757745914,frozen,3.474414889885583,3.0,0.6343150712638872,Verde,Rojo,Ámbar
2025-12-18,56.01083318881702,1.071221343873518,23.471529528616127,3.155788177258713,32.78194827920044,frozen,3.510501128955834,3.0,0.6286775319922323,Rojo,Rojo,Rojo
2025-12-19,55.92899449394681,1.0727888198757765,32.51412345887654,3.4816745629038124,45.2126908711514,frozen,3.5343907568587407,3.0,0.6296243665366131,Verde,Verde,Verde
2025-12-20,55.03678011967832,1.090180055401662,27.80497557392682,3.325214982161415,36.84332710160973,frozen,3.5822576339294048,3.0,0.6354239145660794,Ámbar,Ámbar,Ámbar
2025-12-21,55.13413776944705,1.0882549800796812,25.853278322100675,3.252437413884352,34.439326766480086,frozen,3.562126156844676,3.0,0.6603791227820976,Ámbar,Rojo,Ámbar
2025-12-22,61.15390146249656,0.981131188118812,18.93563605097771,2.9410456520743846,34.18972725719345,frozen,3.4355600846167262,3.0,0.6661153757013463,Rojo,Rojo,Ámbar
2025-12-23,53.32883519962631,1.125094890510949,26.013288459373747,3.2586075020484246,30.937421960734163,frozen,3.4552039218707864,3.0,0.6775125067712375,Ámbar,Rojo,Ámbar
2025-12-24,49.65975165474384,1.2082219101123597,43.09838074145258,3.763485426600055,41.38825855645474,frozen,3.638528862580411,3.0,0.6884813428031251,Verde,Verde,Verde
2025-12-25,52.09439454320586,1.1517553956834534,37.1587858025372,3.615200238560813,41.47417257444639,frozen,3.634003206607261,3.0,0.6883079384720073,Verde,Verde,Verde
2025-12-26,49.19461465575988,1.2196456953642385,37.59152728458954,3.626778686827577,35.33343752094196,frozen,3.6225518924205087,3.0,0.7219216300040356,Verde,Ámbar,Verde
2025-12-27,52.18317843823852,1.1497958115183249,27.151852553976138,3.301445278084379,30.460307419157164,frozen,3.623812443692034,3.0,0.7025562785941479,Ámbar,Rojo,Ámbar
2025-12-28,53.27847233212007,1.126158415841584,31.05323626592024,3.4357030305140417,36.82686321107629,frozen,3.724599689682554,3.0,0.7033972448032481,Verde,Verde,Verde
2025-12-29,50.26348549659763,1.1937094972067035,30.441982289500896,3.415822652078872,30.09290881825337,frozen,3.727373813966785,3.0,0.7009689402480572,Verde,Rojo,Ámbar
2025-12-30,53.96671725365011,1.1117963636363637,22.33209859680067,3.106025042484072,27.323792370949764,frozen,3.676582033320893,3.0,0.6755977465256642,Rojo,Rojo,Rojo
2025-12-31,51.44796984343043,1.166226775956284,32.33870406837473,3.4762647812487963,34.262792740841554,frozen,3.7172333471124728,3.0,0.682326542357725,Verde,Ámbar,Verde
2026-01-01,66.4791274116929,0.9025389221556884,12.198163006079712,2.501285367129763,27.843205118640245,frozen,3.7303977934230943,3.0,0.6786749680992094,Rojo,Rojo,Rojo
2026-01-02,55.83610645187332,1.0745734939759035,33.84056108989961,3.521660115271357,45.31443845195247,frozen,3.8010177611074702,3.0,0.6808594476774762,Verde,Verde,Verde
2026-01-04,86.77108610927274,0.6914745762711864,4.795831523312705,1.5677471079645715,24.101423063853115,frozen,3.802834420994567,3.0,0.6812666715604074,Rojo,Rojo,Rojo
2026-01-05,67.70698466780239,0.8861714975845411,17.788983722759998,2.8785793737255685,42.295696307173785,frozen,3.8457000949203,3.0,0.6940446559604121,Rojo,Verde,Rojo
2026-01-06,63.64220512917431,0.9427706013363027,14.674899610267476,2.686138524823128,28.83705069889816,frozen,3.707663411401602,3.0,0.6951962943809841,Rojo,Rojo,Ámbar
2026-01-07,51.71871541893325,1.1601216216216217,32.070103296118795,3.4679242346577435,33.46208931356676,frozen,3.595467531828936,3.0,0.7066985371193522,Verde,Ámbar,Verde
2026-01-08,57.4816563091828,1.0438112582781456,19.644430622572152,2.97779386926498,28.06118414949024,frozen,3.561554971967737,3.0,0.7001046676942329,Rojo,Rojo,Ámbar
2026-01-09,53.77116930955482,1.115839598997494,31.036694120178883,3.4351701857828627,36.12424680923525,frozen,3.69219712603657,3.0,0.7107252782797898,Verde,Verde,Verde
2026-01-10,49.3163146827756,1.216635922330097,44.56614705597326,3.796974536193957,39.75659643200639,frozen,3.693224878852666,3.0,0.7132490148541123,Verde,Verde,Verde
2026-01-11,51.89227878679432,1.1562413793103448,31.62889173608253,3.4540709983250246,32.87187414880256,frozen,3.676514437584797,3.0,0.7078844363669898,Verde,Ámbar,Verde
2026-01-12,66.5174813689462,0.9020185185185184,330.483265354307,5.8005560236809055,721.6778397650888,frozen,3.662998144651641,3.0,0.7057434994356437,Indef,Indef,Indef
2026-01-13,54.95904278419216,1.0917220708446866,22.668193455489988,3.120962772569967,27.776480488650584,frozen,3.6462550756793415,3.0,0.699133043246368,Ámbar,Rojo,Ámbar
2026-01-14,56.06544562595183,1.0701778846153849,18.384776310850253,2.9115229477415103,23.778992570407635,frozen,3.7550223538730014,3.0,0.7015660189437126,Ámbar,Rojo,Rojo
2026-01-15,59.57943925233646,1.0070588235294116,16.427298380301966,2.7989444864107766,25.468172581528147,frozen,4.018535705088685,3.0,0.7132548195861705,Ámbar,Rojo,Ámbar
2026-01-16,56.97916991001651,1.0530163934426229,19.185578431548176,2.954158873442384,25.938667127441967,frozen,4.033589553045192,3.0,0.7126787094553315,Ámbar,Rojo,Ámbar
2026-01-17,66.65287913256714,0.9001861702127659,14.51436070471816,2.675138552739374,31.20093309855937,frozen,4.158001068693783,3.0,0.7284395653406407,Ámbar,Verde,Verde
2026-01-18,59.98864500648092,1.0001892857142858,22.509496203932216,3.113937273678943,35.27653017080618,frozen,4.431211872317146,3.0,0.7485958211975507,Verde,Verde,Verde
2026-01-19,62.75827534081816,0.956049217002237,16.71557100135514,2.8163406803029547,29.81208019814964,frozen,4.326719476308749,3.0,0.7643213190157527,Verde,Verde,Verde
2026-01-20,51.89567561179823,1.1561656976744186,34.57037441469231,3.542997084499479,34.72368286423552,frozen,4.260297974177489,3.0,0.7787859482945451,Verde,Verde,Verde
2026-01-21,55.9656259260257,1.072086642599278,19.464292837197405,2.9685816504357296,24.442584900366523,frozen,4.306091593802375,3.0,0.7758253393107059,Verde,Rojo,Ámbar
2026-01-22,53.336520576392985,1.1249327731092438,30.920884909644908,3.4314318426384447,33.57183566038968,frozen,4.392082529150456,3.0,0.7725542561378003,Verde,Verde,Verde
2026-01-23,52.64365643939905,1.1397384615384616,30.16454446748022,3.406667210418852,31.490825190299496,frozen,4.393125359657804,3.0,0.778162922789287,Verde,Verde,Verde
2026-01-24,54.08653846153847,1.1093333333333333,28.628265511673884,3.3543945343783297,32.40549023807224,frozen,4.402645100595128,3.0,0.7783755368133365,Verde,Verde,Verde
2026-01-25,57.605080133051096,1.0415748031496064,20.89119683654237,3.039327866246259,28.48212956993976,frozen,4.393742586175809,3.0,0.7765908051296535,Verde,Verde,Verde
2026-01-26,52.89495077228796,1.1343237704918032,38.56425347508408,3.6523257716226674,40.47762348949633,frozen,4.409553728939481,3.0,0.782218736239333,Verde,Verde,Verde
2026-01-27,56.491602478456976,1.062104761904762,28.48899632655582,3.3495179189161424,36.27479590429322,frozen,4.445922121927303,3.0,0.7822285628686566,Verde,Verde,Verde
2026-01-28,54.78304409151453,1.0952293906810031,30.46403705940555,3.416546875106558,35.338175636682784,frozen,4.402368181031992,3.0,0.7799957223841233,Verde,Verde,Verde
2026-01-29,52.78337813620071,1.1367214854111407,36.21830969891898,3.589564783749485,37.47720131451357,frozen,4.4260964877618445,3.0,0.780736928613176,Verde,Verde,Verde
2026-01-30,55.66881568356039,1.0778027027027028,27.600469341282565,3.3178327776974523,33.117687217747445,frozen,4.4703027575992405,3.0,0.7751082679775922,Verde,Verde,Verde
2026-01-31,55.77586105456387,1.0757341772151896,29.31925381157911,3.378244426884882,35.38338275381139,frozen,4.470603269163861,3.0,0.781457980292683,Verde,Verde,Verde
2026-02-01,54.21808618248028,1.106641791044776,35.02265031251516,3.555995003963144,38.823004764388855,frozen,4.459337834707934,3.0,0.7898548296500344,Verde,Verde,Verde
2026-02-02,54.97574717586211,1.091390350877193,34.59253057823563,3.543637779516656,39.50626060866232,frozen,4.427704024889492,3.0,0.7862813579142149,Verde,Verde,Verde
2026-02-03,51.3187360039811,1.1691636363636362,35.471647901923724,3.568733726739997,32.90073516959817,frozen,4.438632847061396,3.0,0.7754147979889803,Verde,Verde,Verde
2026-02-04,52.41878136492005,1.1446279069767442,39.47001840563515,3.6755413559942607,39.0143588270994,frozen,4.394811112977135,3.0,0.7711873800594665,Verde,Verde,Verde
2026-02-05,55.0196590711652,1.090519298245614,27.39814684799366,3.310475377821888,31.316358663212227,frozen,4.403402454414453,3.0,0.769005115701707,Verde,Verde,Verde
2026-02-06,51.36807074515908,1.1680407523510972,35.536145121029854,3.570550350918774,32.88413196139941,frozen,4.413025983628872,3.0,0.7652941567277285,Verde,Verde,Verde
2026-02-07,54.986495293987055,1.0911770186335406,25.02808391434862,3.2199985509492843,28.55565365630703,frozen,4.409286755945479,3.0,0.7655842349147929,Verde,Ámbar,Verde
2026-02-08,55.70467187925468,1.077108938547486,28.45897336985484,3.348463519272308,33.58384315806294,frozen,4.4266920589143375,3.0,0.7622522374790501,Verde,Verde,Verde
2026-02-09,50.47676844498736,1.1886656346749225,40.86779928786893,3.7103424494875226,35.73939750946164,frozen,4.396977603390485,3.0,0.7564019789125725,Verde,Verde,Verde
2026-02-10,54.4564362603198,1.1017981366459628,27.79452869802205,3.324839191903408,30.52096844968872,frozen,4.396197610074156,3.0,0.754123111969125,Verde,Ámbar,Verde
2026-02-11,53.14031792569519,1.1290862068965517,31.80085089501629,3.4594930471330647,32.3465290479882,frozen,4.417906809522567,3.0,0.75014835890193,Verde,Verde,Verde
2026-02-12,53.82721718389265,1.1146777251184834,29.1599856293648,3.372797414320199,30.52050424744922,frozen,4.465801034746555,3.0,0.748897795310185,Verde,Ámbar,Verde
2026-02-13,56.87144553465408,1.055010989010989,29.10577271796168,3.370936529691378,35.6814330160347,frozen,4.430136484721492,3.0,0.7434130089599695,Verde,Verde,Verde
2026-02-14,54.56505954635256,1.099604774535809,30.848980120387846,3.429103690498211,33.339823692139184,frozen,4.3236872126262815,3.0,0.7291372263004609,Verde,Verde,Verde
2026-02-15,52.85868107272962,1.1351021021021022,31.16788005283568,3.43938807904524,30.5030678823664,frozen,4.246133821555478,3.0,0.7238083755426528,Verde,Ámbar,Verde
2026-02-16,51.25870848683666,1.17053280839895,40.9995827963369,3.713561890953435,36.59061475251474,frozen,4.243302269556962,3.0,0.7227674669256354,Verde,Verde,Verde
2026-02-17,51.45069634730526,1.1661649746192893,33.32807846620269,3.506400238878624,30.07955009422093,frozen,4.228331773113532,3.0,0.7204886286978605,Verde,Rojo,Ámbar
2026-02-18,50.1089182099472,1.1973916449086164,34.8920924448971,3.552260226025708,29.091049237750525,frozen,4.194815054954487,3.0,0.7189618788928036,Verde,Rojo,Ámbar
2026-02-19,52.786564642527935,1.136652866242038,36.4647845349744,3.596346987601364,35.67980206095988,frozen,4.152522690345608,3.0,0.7172923434584264,Verde,Verde,Verde
2026-02-20,47.69831203546244,1.2579061488673138,44.624515712749215,3.798283387665548,32.21522246629529,frozen,4.157903258284411,3.0,0.7160006411818487,Verde,Verde,Verde
2026-02-21,52.21556347609035,1.1490826873385014,33.71528150933768,3.517951191828024,31.989470391178987,frozen,4.198197128355085,3.0,0.7324465463332003,Verde,Ámbar,Verde
2026-02-23,48.22274845031303,1.2442260536398464,46.35025516484407,3.83622679717134,34.64504709610544,frozen,4.265694228605732,3.0,0.7482608003245388,Verde,Verde,Verde
2026-02-24,46.309057831192455,1.295642857142857,49.9596233368904,3.9112151459353295,33.071214181326766,frozen,4.265694228605732,3.0,0.7482608003245389,Verde,Verde,Verde
2026-02-25,49.5530445781797,1.2108236842105264,41.56798164002349,3.727330198802744,33.713443632418496,frozen,4.298247816494931,3.0,0.7511401180464926,Verde,Verde,Verde
2026-02-26,,,,,,frozen,4.234774449195327,3.0,0.7482024634945776,Indef,Indef,Indef
2026-02-27,,,,,,frozen,4.181797189221623,3.0,0.7510477942537513,Indef,Indef,Indef
2026-02-28,51.39617670986988,1.1674020100502511,45.02134953949828,3.8071368114730655,40.73225977703558,frozen,4.084763797673578,3.0,0.7470874775525304,Verde,Verde,Verde
2026-03-01,51.11683687219862,1.1737815497076023,34.197010775582974,3.532138236025868,30.444805863694,frozen,4.166072591648732,3.0,0.7495982127777198,Verde,Rojo,Verde
2026-03-02,46.91942000376498,1.278788186111111,51.21520572973147,3.9360364748623975,35.260622497982595,frozen,4.105140519702824,3.0,0.7431405574012129,Verde,Verde,Verde
2026-03-03,,,,,,frozen,3.979931393482597,3.0,0.7498351036027169,Indef,Indef,Indef
2026-03-04,51.16910849293835,1.1725824773413898,30.34802990370812,3.412731602835436,27.28680392781974,frozen,4.1902402016604565,3.0,0.7661894233027596,Verde,Rojo,Ámbar
2026-03-05,55.47937318776104,1.0814830188679243,28.37232165973797,3.345414080500232,32.5153271229786,frozen,4.092425281561618,3.0,0.7568483362161313,Verde,Verde,Verde
2026-03-06,58.05126978963869,1.033569122905028,23.54368723695344,3.158857726649657,30.696580840409027,frozen,4.110216905560016,3.0,0.7512154344230998,Ámbar,Ámbar,Verde
2026-03-07,52.86331282831311,1.1350026472019463,32.94218701193453,3.494754116350457,32.37383462645949,frozen,3.965635600974209,3.0,0.7513616662327289,Verde,Verde,Verde
2026-03-08,53.27518480225896,1.126227909348442,35.608926353849306,3.5725963467045614,35.8189096765635,frozen,3.9515685847419992,3.0,0.7526426657033238,Verde,Verde,Verde
2026-03-09,57.87759854701649,1.0366705168539323,24.18288839860605,3.1856452920892253,31.0718520857523,frozen,3.949204354548968,3.0,0.7423060715869001,Ámbar,Verde,Verde
2026-03-10,53.172465474447975,1.1284035725,26.63121885789575,3.2820841688834066,26.47502294906753,frozen,3.959594098027061,3.0,0.7407067268649248,Ámbar,Rojo,Rojo
2026-03-11,53.965228006439744,1.1118270452380952,28.994402895512494,3.3671028077558645,30.13291358532204,frozen,3.947833441828581,3.0,0.7345925688179565,Verde,Rojo,Verde
2026-03-12,51.77558837609089,1.1588472846347606,36.69872054735875,3.6027418919830256,33.63220991228992,frozen,3.95234337519668,3.0,0.7359139133097365,Verde,Verde,Verde
2026-03-13,51.163046909521725,1.1727214,34.910194530819886,3.5527788934537505,30.87100882921036,frozen,4.000764687554764,3.0,0.7431714742441355,Verde,Verde,Verde
2026-03-14,51.77841587803103,1.158784002610966,37.503814946647175,3.6244426597126167,34.375662602977755,frozen,3.989600321746277,3.0,0.7445643624233388,Verde,Verde,Verde
2026-03-15,50.69155483066482,1.1836291114058357,41.27106938038475,3.720161755238448,35.496204009044014,frozen,4.006043795109102,3.0,0.7452357040386378,Verde,Verde,Verde
2026-03-16,49.38777842026383,1.2148754594594595,40.37853828532704,3.698298413252946,32.11725494710067,frozen,4.02995697187959,3.0,0.7510976043481066,Verde,Verde,Verde
2026-03-17,52.33038780210396,1.146561348387097,28.95324277527273,3.3656822107088096,27.39607990739966,frozen,4.034445900273865,3.0,0.7573862902852128,Verde,Rojo,Ámbar
2026-03-18,51.28321907733285,1.1699733573573574,37.326789573541824,3.619711287983647,33.241133625547484,frozen,4.043382093176232,3.0,0.7555808323969166,Verde,Verde,Verde
2026-03-19,48.87990255482415,1.2274983554376657,49.94002581927433,3.910822801857387,38.56778208377431,frozen,4.038215569717158,3.0,0.755993165048344,Verde,Verde,Verde
2026-03-20,50.970673843833886,1.177147474719101,35.43436660688302,3.5676821573143447,31.12209053762493,frozen,4.054789343101261,3.0,0.7740467230503563,Verde,Verde,Verde
