Fecha,n_sessions,total_duration_min,has_aerobic,has_strength,has_mobility,load_day,intensity_cat_day,intense_day,work_total_min_day,work_n_blocks_day,z3_min_day,hr_max_day,hr_p95_max_day,late_intensity_day,cardiac_drift_worst,elev_gain_day,elev_loss_day,strength_min_day,mobility_min_day,rpe_max_day,effort_above_typical_aerobic,effort_above_typical_strength,effort_above_anchor_aerobic,n_with_rpe,n_with_notes,elev_density_day,intense_days_prev_3d,intense_days_prev_5d,intensity_clustering_flag,intensity_clustering_level,dominant_family_prev_7d,dominant_family_share_prev_7d,n_sessions_usable_prev_7d,z1_pct_weighted_prev_7d,z2_pct_weighted_prev_7d,z3_pct_weighted_prev_7d,distribution_signal_confidence_prev_7d,polarisation_index_prev_7d,intensity_blackhole_flag,intensity_blackhole_episode_id,intensity_blackhole_episode_len,z3_7d_sum,z3_7d_nobs,work_7d_sum,work_7d_nobs,finish_strong_7d_count,load_3d,load_3d_nobs,load_7d,load_7d_nobs,load_14d,load_14d_nobs,load_28d,load_28d_nobs,acwr_simple_prev,monotony_7d_prev,strain_7d_prev,load_ctx_ready,elev_loss_7d_sum
2025-05-12,1.0,81.3,0.0,1.0,0.0,17.0,NA,0,,,,,,,,,,81.3,0.0,,0.0,0.0,0.0,0.0,0.0,,0,0,0,,,,0,,,,,,False,,,,0,,0,,,0,,0,,0,,0,,,,False,
2025-05-13,1.0,85.0,1.0,0.0,0.0,57.0,easy,0,0.0,0.0,0.0,148.0,137.0,0.0,0.5,262.0,264.0,0.0,0.0,,0.0,0.0,0.0,0.0,0.0,22.9,0,0,0,,,,0,,,,,,False,,,0.0,0,0.0,0,0.0,17.0,1,17.0,1,17.0,1,17.0,1,4.0,,,False,0.0
2025-05-14,1.0,112.8,1.0,0.0,0.0,102.0,work_intense,1,58.1,5.0,24.2,169.0,164.0,0.0,-15.6,768.0,756.0,0.0,0.0,,0.0,0.0,0.0,0.0,0.0,22.4,0,0,0,,run_family,1.0,1,98.9,1.1,0.0,low,89.909,False,,,0.0,1,0.0,1,0.0,74.0,2,74.0,2,74.0,2,74.0,2,4.0,,,False,264.0
2025-05-15,3.0,122.6,1.0,1.0,0.0,41.0,finish_strong,0,0.0,0.0,0.0,133.0,124.0,1.0,-2.5,,,77.2,0.0,,0.0,0.0,0.0,0.0,0.0,,1,1,0,,,,0,,,,,,False,,,24.2,2,58.1,2,0.0,176.0,3,176.0,3,176.0,3,176.0,3,4.0,1.69,297.4,False,1020.0
2025-05-16,2.0,100.6,1.0,0.0,0.0,94.0,work_steady,0,43.8,4.0,3.4,166.0,161.0,0.0,18.0,577.0,599.0,0.0,0.0,,0.0,0.0,0.0,0.0,0.0,52.5,1,1,0,,,,0,,,,,,False,,,24.2,3,58.1,3,1.0,200.0,3,217.0,4,217.0,4,217.0,4,4.0,1.748,379.4,False,1020.0
2025-05-17,1.0,62.9,1.0,0.0,0.0,35.0,easy,0,4.8,1.0,0.0,149.0,138.0,0.0,-4.3,,,0.0,0.0,,0.0,0.0,0.0,0.0,0.0,,1,1,0,,run_family,0.62,2,73.9,24.2,1.9,moderate,3.132,False,,,27.6,4,101.9,4,1.0,237.0,3,311.0,5,311.0,5,311.0,5,4.0,1.945,604.8,False,1619.0
2025-05-18,1.0,298.0,1.0,0.0,0.0,179.0,work_steady,0,38.4,6.0,5.5,167.0,148.0,0.0,14.5,644.0,663.0,0.0,0.0,,0.0,0.0,1.0,0.0,0.0,6.2,0,1,0,,run_family,0.62,2,73.9,24.2,1.9,moderate,3.132,False,,,27.6,5,106.7,5,1.0,170.0,3,346.0,6,346.0,6,346.0,6,4.0,1.866,645.6,False,1619.0
2025-05-19,1.0,60.6,0.0,1.0,0.0,11.0,NA,0,,,,,,,,,,60.6,0.0,,0.0,0.0,0.0,0.0,0.0,,0,1,0,,bike_family,0.688,2,72.3,20.1,7.6,moderate,3.975,False,,,33.1,6,145.1,6,1.0,308.0,3,525.0,7,525.0,7,525.0,7,4.0,1.465,769.0,False,2282.0
2025-05-20,1.0,81.3,1.0,0.0,0.0,68.0,work_moderate,0,10.7,2.0,0.0,157.0,152.0,0.0,7.3,302.0,300.0,0.0,0.0,,0.0,0.0,0.0,0.0,0.0,25.7,0,0,0,,bike_family,0.688,2,72.3,20.1,7.6,moderate,3.975,False,,,33.1,6,145.1,6,1.0,225.0,3,519.0,7,536.0,8,536.0,8,3.873,1.42,737.1,False,2282.0
2025-05-21,1.0,85.8,1.0,0.0,0.0,53.0,easy,0,0.0,0.0,0.0,147.0,139.0,0.0,,,,0.0,0.0,,0.0,0.0,0.0,0.0,0.0,,0,0,0,,bike_family,0.692,2,72.3,20.1,7.6,moderate,3.975,False,,,33.1,6,155.8,6,1.0,258.0,3,530.0,7,604.0,9,604.0,9,3.51,1.461,774.3,False,2318.0
2025-05-22,1.0,108.6,0.0,1.0,0.0,31.0,NA,0,,,,,,,,,,108.6,0.0,,0.0,0.0,0.0,0.0,0.0,,0,0,0,,,,0,,,,,,False,,,8.9,6,97.7,6,1.0,132.0,3,481.0,7,657.0,10,657.0,10,2.928,1.344,646.7,False,1562.0
2025-05-23,1.0,284.1,1.0,0.0,0.0,162.0,work_intense,1,15.2,2.0,2.4,161.0,143.0,0.0,-16.1,1005.0,1008.0,0.0,0.0,,0.0,0.0,0.0,0.0,0.0,12.4,0,0,0,,,,0,,,,,,False,,,8.9,5,97.7,5,0.0,152.0,3,471.0,7,688.0,11,688.0,11,2.738,1.294,609.5,False,1562.0
2025-05-24,1.0,245.1,1.0,0.0,0.0,106.0,work_moderate,0,7.3,1.0,0.0,151.0,138.0,0.0,-2.4,1189.0,1278.0,0.0,0.0,,0.0,0.0,0.0,0.0,0.0,17.6,1,1,0,,bike_family,0.848,2,87.4,11.2,1.4,moderate,7.929,False,,,7.9,5,69.1,5,0.0,246.0,3,539.0,7,850.0,12,850.0,12,2.536,1.251,674.3,False,1971.0
2025-05-26,1.0,70.1,1.0,0.0,0.0,49.0,easy,0,0.0,0.0,0.0,151.0,144.0,0.0,7.2,272.0,268.0,0.0,0.0,,0.0,0.0,0.0,0.0,0.0,28.1,1,1,0,,bike_family,0.835,2,93.9,5.6,0.5,moderate,16.857,False,,,2.4,4,33.2,4,0.0,268.0,2,431.0,6,956.0,13,956.0,13,1.803,1.168,503.3,False,2586.0
2025-05-27,1.0,74.8,0.0,1.0,0.0,17.0,NA,0,,,,,,,,,,74.8,0.0,,0.0,0.0,0.0,0.0,0.0,,0,1,0,,bike_family,0.749,2,93.9,5.6,0.5,moderate,16.857,False,,,2.4,5,33.2,5,0.0,155.0,2,469.0,6,988.0,13,1005.0,14,1.867,1.366,640.4,True,2854.0
2025-05-28,1.0,125.4,1.0,0.0,0.0,68.0,easy,0,0.0,0.0,0.0,147.0,139.0,0.0,8.0,665.0,654.0,0.0,0.0,,1.0,0.0,1.0,0.0,0.0,18.0,0,1,0,,bike_family,0.851,2,93.9,5.6,0.5,moderate,16.857,False,,,2.4,4,22.5,4,0.0,66.0,2,418.0,6,948.0,13,1022.0,15,1.636,1.147,479.4,True,2554.0
2025-05-29,2.0,73.2,1.0,1.0,0.0,34.0,easy,0,0.0,0.0,0.0,135.0,131.0,0.0,5.2,,,21.8,0.0,,0.0,0.0,0.0,0.0,0.0,,0,0,0,,bike_family,0.9,3,94.4,5.2,0.4,high,18.231,False,,,2.4,4,22.5,4,0.0,134.0,3,433.0,6,914.0,13,1090.0,16,1.589,1.188,514.5,True,3208.0
2025-05-30,1.0,60.2,1.0,0.0,0.0,56.0,work_intense,1,24.9,5.0,15.9,177.0,175.0,0.0,-53.1,351.0,356.0,0.0,0.0,,0.0,0.0,0.0,0.0,0.0,22.1,0,0,0,,bike_family,0.9,3,94.4,5.2,0.4,high,18.231,False,,,2.4,5,22.5,5,0.0,119.0,3,436.0,6,907.0,13,1124.0,17,1.552,1.202,524.1,True,3208.0
2025-05-31,1.0,103.2,1.0,0.0,0.0,75.0,easy,0,0.0,0.0,0.0,146.0,139.0,0.0,4.8,906.0,914.0,0.0,0.0,,1.0,0.0,1.0,0.0,0.0,60.1,1,1,0,,bike_family,0.856,3,90.9,5.2,3.8,high,18.212,False,,,15.9,5,32.2,5,0.0,158.0,3,330.0,6,869.0,13,1180.0,18,1.119,1.461,482.2,True,2556.0
2025-06-01,1.0,157.7,1.0,0.0,0.0,57.0,easy,0,0.0,0.0,0.0,140.0,127.0,0.0,8.8,208.0,227.0,0.0,0.0,,0.0,0.0,0.0,0.0,0.0,3.6,1,1,0,,,,0,,,,,,False,,,15.9,5,24.9,5,0.0,165.0,3,299.0,6,909.0,13,1255.0,19,0.953,1.692,506.0,True,2192.0
2025-06-02,1.0,35.6,0.0,1.0,0.0,8.0,NA,0,,,,,,,,,,35.6,0.0,,0.0,0.0,0.0,0.0,0.0,,1,1,0,,bike_family,0.658,3,91.2,4.0,4.8,high,24.0,False,,,15.9,6,24.9,6,0.0,188.0,3,356.0,7,787.0,13,1312.0,20,1.085,2.761,983.0,True,2419.0
2025-06-03,4.0,183.1,1.0,1.0,0.0,63.0,easy,0,0.0,0.0,0.0,148.0,144.0,0.0,-0.2,,,59.8,0.0,,0.0,0.0,0.0,0.0,0.0,,0,1,0,,bike_family,0.763,3,91.2,4.0,4.8,high,24.0,False,,,15.9,5,24.9,5,0.0,140.0,3,315.0,7,784.0,13,1320.0,21,0.955,1.89,595.4,True,2151.0
2025-06-04,2.0,107.0,1.0,0.0,0.0,73.0,easy,0,0.0,0.0,0.0,154.0,144.0,0.0,0.5,330.0,332.0,0.0,0.0,,1.0,0.0,1.0,0.0,0.0,26.5,0,1,0,,bike_family,0.645,3,91.2,4.0,4.8,high,24.0,False,,,15.9,6,24.9,6,0.0,128.0,3,361.0,7,779.0,13,1383.0,22,1.044,2.41,870.0,True,2151.0
2025-06-05,1.0,54.5,0.0,1.0,0.0,0.0,NA,0,,,,,,,,,,54.5,0.0,,0.0,0.0,0.0,0.0,0.0,,0,0,0,,,,0,,,,,,False,,,15.9,6,24.9,6,0.0,144.0,3,366.0,7,799.0,13,1456.0,23,1.005,2.375,869.4,True,1829.0
2025-06-10,1.0,91.3,1.0,0.0,0.0,63.0,easy,0,0.0,0.0,0.0,151.0,144.0,0.0,10.6,,,0.0,0.0,,1.0,0.0,1.0,0.0,0.0,,0,0,0,,run_family,1.0,5,94.9,5.1,0.0,high,18.608,False,,,0.0,2,0.0,2,0.0,,0,136.0,3,451.0,10,1439.0,23,0.378,0.63,85.7,True,332.0
2025-06-11,1.0,71.2,0.0,1.0,0.0,14.0,NA,0,,,,,,,,,,71.2,0.0,,0.0,0.0,0.0,0.0,0.0,,0,0,0,,run_family,1.0,3,94.9,5.1,0.0,high,18.608,False,,,0.0,2,0.0,2,0.0,63.0,1,136.0,3,497.0,10,1445.0,23,0.376,0.63,85.7,True,332.0
2025-06-12,1.0,60.1,1.0,0.0,0.0,26.0,easy,0,0.0,0.0,0.0,145.0,127.0,0.0,5.2,,,0.0,0.0,,0.0,0.0,0.0,0.0,0.0,,0,0,0,,run_family,1.0,1,94.7,5.3,0.0,low,17.868,False,,,0.0,1,0.0,1,0.0,77.0,2,77.0,3,443.0,10,1357.0,23,0.227,0.505,38.9,True,0.0
2025-06-13,1.0,62.9,1.0,0.0,0.0,29.0,easy,0,3.6,1.0,0.0,146.0,136.0,0.0,1.1,,,0.0,0.0,,0.0,0.0,0.0,0.0,0.0,,0,0,0,,run_family,1.0,1,94.7,5.3,0.0,low,17.868,False,,,0.0,2,0.0,2,0.0,103.0,3,103.0,3,435.0,10,1342.0,23,0.307,0.675,69.5,True,0.0
2025-06-14,2.0,99.9,1.0,0.0,0.0,71.0,finish_strong,0,3.0,1.0,7.7,179.0,163.0,1.0,37.8,328.0,322.0,0.0,0.0,,0.0,0.0,0.0,0.0,0.0,32.7,0,0,0,,run_family,1.0,1,94.7,5.3,0.0,low,17.868,False,,,0.0,3,3.6,3,0.0,69.0,3,132.0,4,408.0,10,1277.0,23,0.413,0.883,116.5,True,0.0
2025-06-16,1.0,94.7,1.0,0.0,0.0,46.0,easy,0,3.5,1.0,0.0,143.0,139.0,0.0,-7.1,586.0,586.0,0.0,0.0,,0.0,0.0,0.0,0.0,0.0,22.2,0,0,0,,run_family,1.0,3,85.6,10.1,4.3,high,8.901,False,,,7.7,4,6.6,4,1.0,100.0,2,203.0,5,347.0,9,1134.0,22,0.716,1.103,224.0,True,322.0
2025-06-17,2.0,120.4,0.0,1.0,0.0,26.0,NA,0,,,,,,,,,,120.4,0.0,,0.0,1.0,0.0,0.0,0.0,,0,0,0,,run_family,0.665,3,85.6,10.1,4.3,high,8.901,False,,,7.7,5,10.1,5,1.0,117.0,2,249.0,6,385.0,9,1169.0,22,0.852,1.491,371.4,True,908.0
2025-06-18,1.0,98.0,1.0,0.0,0.0,89.0,work_steady,0,78.2,1.0,0.0,154.0,151.0,0.0,3.3,,,0.0,0.0,,0.0,0.0,0.0,0.0,0.0,,0,0,0,,,,0,,,,,,False,,,7.7,4,10.1,4,1.0,72.0,2,212.0,6,348.0,9,1127.0,22,0.752,1.433,303.9,True,908.0
2025-06-19,1.0,30.1,1.0,0.0,0.0,13.0,easy,0,0.0,0.0,0.0,140.0,130.0,0.0,,,,0.0,0.0,,0.0,0.0,0.0,0.0,0.0,,0,0,0,,run_family,0.674,3,49.0,46.9,4.1,high,1.132,True,1,3,7.7,5,88.3,5,1.0,161.0,3,287.0,6,364.0,9,1163.0,22,0.987,1.462,419.6,True,908.0
2025-06-20,1.0,10.2,1.0,0.0,0.0,2.0,easy,0,0.0,0.0,0.0,162.0,150.3,0.0,,,,0.0,0.0,,0.0,0.0,0.0,0.0,0.0,,0,0,0,,run_family,0.674,3,49.0,46.9,4.1,high,1.132,True,1,3,7.7,5,88.3,5,1.0,128.0,3,274.0,6,377.0,9,1145.0,22,0.957,1.333,365.2,True,908.0
2025-06-21,1.0,75.1,0.0,1.0,0.0,14.0,NA,0,,,,,,,,,,75.1,0.0,,0.0,0.0,0.0,0.0,0.0,,0,0,0,,run_family,0.677,4,49.1,46.9,4.0,high,1.132,True,1,3,7.7,5,84.7,5,1.0,104.0,3,247.0,6,379.0,10,985.0,22,1.003,1.099,271.5,True,908.0
2025-06-22,1.0,76.4,1.0,0.0,0.0,63.0,work_moderate,0,5.3,1.0,2.2,170.0,159.0,0.0,11.0,287.0,283.0,0.0,0.0,,0.0,0.0,0.0,0.0,0.0,29.7,0,0,0,,,,0,,,,,,False,,,0.0,4,81.7,4,0.0,29.0,3,190.0,6,393.0,11,893.0,22,0.851,0.933,177.3,True,586.0
2025-06-23,1.0,180.5,1.0,0.0,0.0,102.0,work_moderate,0,10.5,2.0,0.0,157.0,145.0,0.0,-31.9,896.0,893.0,0.0,0.0,,0.0,0.0,0.0,0.0,0.0,14.8,0,0,0,,run_family,0.647,3,42.0,56.7,1.3,high,0.764,True,2,1,2.2,5,87.0,5,0.0,79.0,3,253.0,7,456.0,12,956.0,23,1.059,1.244,314.8,True,869.0
2025-06-24,1.0,117.1,1.0,0.0,0.0,61.0,easy,0,0.0,0.0,0.0,160.0,135.0,0.0,1.2,236.0,232.0,0.0,0.0,,1.0,0.0,0.0,0.0,0.0,15.5,0,0,0,,,,0,,,,,,False,,,2.2,5,94.0,5,0.0,179.0,3,309.0,7,558.0,13,1009.0,23,1.225,1.186,366.4,True,1176.0
2025-06-25,1.0,50.1,1.0,0.0,0.0,13.0,easy,0,0.0,0.0,0.0,126.0,119.0,0.0,5.7,115.0,146.0,0.0,0.0,,0.0,0.0,0.0,0.0,0.0,27.3,0,0,0,,run_family,0.616,4,64.3,35.0,0.8,high,1.86,True,3,1,2.2,6,94.0,6,0.0,226.0,3,344.0,7,556.0,13,1053.0,23,1.307,1.335,459.4,True,1408.0
2025-06-26,2.0,77.0,1.0,1.0,0.0,19.0,work_moderate,0,5.9,1.0,3.4,182.0,178.0,0.0,,,,27.1,0.0,,0.0,0.0,0.0,0.0,0.0,,0,0,0,,,,0,,,,,,False,,,2.2,6,15.8,6,0.0,176.0,3,268.0,7,555.0,13,998.0,23,1.074,1.107,296.7,True,1554.0
2025-06-28,1.0,451.4,1.0,0.0,0.0,259.0,work_moderate,0,11.6,3.0,0.0,153.0,145.0,0.0,-9.4,2171.0,1405.0,0.0,0.0,,1.0,0.0,1.0,0.0,0.0,94.2,0,0,0,,,,0,,,,,,False,,,5.6,5,21.7,5,0.0,32.0,2,272.0,6,519.0,12,927.0,22,1.174,1.132,307.9,True,1554.0
2025-06-29,1.0,406.9,1.0,0.0,0.0,179.0,work_moderate,0,6.7,2.0,0.0,149.0,139.0,1.0,26.5,1947.0,1651.0,0.0,0.0,,1.0,0.0,1.0,0.0,0.0,21.0,0,0,0,,,,0,,,,,,False,,,5.6,6,33.3,6,0.0,278.0,2,517.0,6,707.0,12,1111.0,22,1.861,0.896,463.4,True,2959.0
2025-07-01,2.0,118.9,1.0,1.0,0.0,34.0,easy,0,3.6,1.0,0.3,153.0,138.0,0.0,-11.2,,,86.5,0.0,,0.0,0.0,0.0,0.0,0.0,,0,0,0,,,,0,,,,,,False,,,3.4,5,24.2,5,1.0,438.0,2,531.0,5,840.0,12,1225.0,21,1.734,0.799,424.3,True,3434.0
2025-07-02,1.0,91.2,1.0,0.0,0.0,72.0,work_intense,1,10.0,3.0,1.6,168.0,157.0,0.0,10.5,348.0,346.0,0.0,0.0,,0.0,0.0,0.0,0.0,0.0,28.7,0,0,0,,,,0,,,,,,False,,,3.7,5,27.8,5,1.0,213.0,2,504.0,5,848.0,12,1196.0,21,1.686,0.75,378.0,True,3202.0
2025-07-03,1.0,103.0,1.0,0.0,0.0,52.0,easy,0,0.0,0.0,0.0,143.0,139.0,0.0,0.2,596.0,583.0,0.0,0.0,,0.0,0.0,0.0,0.0,0.0,21.7,1,1,0,,,,0,,,,,,False,,,5.3,5,37.8,5,1.0,106.0,2,563.0,5,831.0,12,1195.0,21,1.885,0.865,486.9,True,3402.0
2025-07-04,2.0,122.0,1.0,1.0,0.0,40.0,easy,0,0.0,0.0,0.0,135.0,128.0,0.0,-14.6,,,61.8,0.0,,0.0,0.0,0.0,0.0,0.0,,1,1,0,,,,0,,,,,,False,,,1.9,5,31.9,5,1.0,158.0,3,596.0,5,870.0,12,1247.0,21,1.912,0.94,560.3,True,3985.0
2025-07-05,1.0,79.2,1.0,0.0,0.0,65.0,work_steady,0,35.9,3.0,3.2,169.0,150.0,0.0,5.5,,,0.0,0.0,,0.0,0.0,0.0,0.0,0.0,,1,1,0,,,,0,,,,,,False,,,1.9,6,31.9,6,1.0,164.0,3,636.0,6,908.0,12,1287.0,22,1.977,1.054,670.6,True,3985.0
2025-07-06,1.0,165.8,1.0,0.0,0.0,94.0,easy,0,0.0,0.0,0.0,154.0,144.0,0.0,-20.5,387.0,393.0,0.0,0.0,,1.0,0.0,1.0,0.0,0.0,6.0,0,1,0,,bike_family,0.733,2,95.9,4.1,0.0,moderate,23.39,False,,,5.1,6,56.2,6,1.0,157.0,3,442.0,6,959.0,12,1352.0,23,1.308,1.212,535.7,True,2580.0
2025-07-08,1.0,161.5,1.0,0.0,0.0,134.0,work_steady,0,21.7,5.0,3.6,166.0,160.0,0.0,12.3,610.0,606.0,0.0,0.0,,0.0,0.0,1.0,0.0,0.0,35.8,0,0,0,,bike_family,0.6,2,92.7,7.3,0.0,moderate,12.699,False,,,5.1,6,49.5,6,0.0,159.0,2,357.0,6,888.0,11,1446.0,24,0.988,1.82,649.7,True,1322.0
2025-07-09,1.0,145.3,1.0,0.0,0.0,54.0,easy,0,0.0,0.0,0.0,150.0,124.0,0.0,1.3,213.0,186.0,0.0,0.0,,0.0,0.0,0.0,0.0,0.0,4.2,0,0,0,,,,0,,,,,,False,,,8.4,6,67.6,6,0.0,228.0,2,457.0,6,961.0,11,1517.0,24,1.205,1.672,764.2,True,1928.0
2025-07-10,1.0,71.1,0.0,1.0,0.0,28.0,NA,0,,,,,,,,,,71.1,0.0,,0.0,1.0,0.0,0.0,0.0,,0,0,0,,bike_family,0.626,3,95.1,4.9,0.0,high,19.408,False,,,6.8,6,57.6,6,0.0,188.0,2,439.0,6,1002.0,11,1557.0,24,1.128,1.604,704.0,True,1768.0
2025-07-11,1.0,102.8,1.0,0.0,0.0,61.0,work_moderate,0,16.6,2.0,0.5,158.0,150.0,0.0,-5.4,629.0,648.0,0.0,0.0,,0.0,0.0,0.0,0.0,0.0,20.6,0,0,0,,,,0,,,,,,False,,,6.8,5,57.6,5,0.0,216.0,3,415.0,6,1011.0,11,1559.0,24,1.065,1.449,601.5,True,1185.0
2025-07-13,1.0,202.1,1.0,0.0,0.0,127.0,work_steady,0,30.6,3.0,0.0,155.0,149.0,0.0,-6.2,653.0,663.0,0.0,0.0,,0.0,0.0,0.0,0.0,0.0,8.5,0,0,0,,bike_family,0.715,3,91.1,8.7,0.1,high,10.483,False,,,4.1,4,38.3,4,0.0,89.0,2,371.0,5,813.0,11,1520.0,23,0.976,1.163,431.3,True,1833.0
2025-07-14,2.0,123.4,1.0,1.0,0.0,40.0,easy,0,0.0,0.0,0.0,133.0,122.0,0.0,51.0,,,62.4,0.0,,0.0,0.0,0.0,0.0,0.0,,0,0,0,,bike_family,0.735,3,86.1,13.8,0.1,high,6.246,False,,,4.1,4,68.9,4,0.0,188.0,2,404.0,5,761.0,11,1647.0,24,0.981,1.132,457.4,True,2103.0
2025-07-15,1.0,91.6,1.0,0.0,0.0,72.0,work_steady,0,32.1,3.0,0.0,149.0,146.0,0.0,8.0,,,0.0,0.0,,0.0,0.0,0.0,0.0,0.0,,0,0,0,,bike_family,0.735,3,86.1,13.8,0.1,high,6.246,False,,,4.1,5,68.9,5,0.0,167.0,2,444.0,6,801.0,12,1641.0,24,1.082,1.373,609.5,True,2103.0
2025-07-16,1.0,66.5,0.0,1.0,0.0,13.0,NA,0,,,,,,,,,,66.5,0.0,,0.0,0.0,0.0,0.0,0.0,,0,0,0,,bike_family,0.829,3,86.1,13.8,0.1,high,6.246,False,,,0.5,5,79.3,5,0.0,239.0,3,382.0,6,839.0,12,1687.0,24,0.906,1.482,566.2,True,1497.0
2025-07-17,1.0,61.8,1.0,0.0,0.0,31.0,easy,0,0.0,0.0,0.0,145.0,134.0,0.0,-4.4,,,0.0,0.0,,0.0,0.0,0.0,0.0,0.0,,0,0,0,,bike_family,0.768,2,79.9,19.9,0.2,moderate,4.025,False,,,0.5,4,79.3,4,0.0,125.0,3,341.0,6,780.0,12,1611.0,24,0.847,1.23,419.5,True,1311.0
2025-07-19,1.0,186.7,1.0,0.0,0.0,127.0,work_steady,0,39.7,4.0,2.7,163.0,152.0,0.0,-25.6,912.0,926.0,0.0,0.0,,0.0,0.0,0.0,0.0,0.0,14.4,0,0,0,,bike_family,0.686,1,79.2,20.8,0.0,low,3.808,False,,,0.0,4,62.7,4,0.0,44.0,2,283.0,5,719.0,11,1627.0,23,0.696,0.953,269.7,True,663.0
2025-07-20,1.0,129.0,1.0,0.0,0.0,115.0,work_intense,1,37.5,6.0,7.6,169.0,162.0,0.0,28.6,510.0,507.0,0.0,0.0,,0.0,0.0,0.0,0.0,0.0,37.2,0,0,0,,bike_family,0.808,2,76.2,23.1,0.7,moderate,3.329,False,,,2.7,5,102.4,5,0.0,158.0,2,410.0,6,781.0,11,1740.0,23,0.943,1.219,499.8,True,1589.0
2025-07-22,1.0,240.6,1.0,0.0,0.0,137.0,work_steady,0,26.9,2.0,0.0,152.0,141.0,0.0,-8.5,460.0,449.0,0.0,0.0,,1.0,0.0,1.0,0.0,0.0,5.0,1,1,0,,,,0,,,,,,False,,,10.3,4,109.3,4,0.0,242.0,2,358.0,5,802.0,11,1690.0,22,0.847,1.027,367.7,True,1433.0
2025-07-23,1.0,152.5,1.0,0.0,0.0,101.0,work_steady,0,23.1,2.0,0.1,162.0,152.0,1.0,-1.1,160.0,160.0,0.0,0.0,,0.0,0.0,0.0,0.0,0.0,8.0,1,1,0,,bike_family,0.766,2,83.7,15.7,0.7,moderate,5.376,False,,,10.3,4,104.1,4,0.0,252.0,2,423.0,5,805.0,11,1766.0,22,0.958,1.039,439.4,True,1882.0
2025-07-25,1.0,292.7,1.0,0.0,0.0,148.0,work_moderate,0,15.3,2.0,0.6,160.0,143.0,1.0,-3.1,617.0,622.0,0.0,0.0,,1.0,0.0,1.0,0.0,0.0,6.4,0,1,0,,,,0,,,,,,False,,,10.4,4,127.2,4,1.0,238.0,2,480.0,4,824.0,10,1835.0,21,1.046,1.138,546.3,True,2042.0
2025-07-26,1.0,122.2,1.0,0.0,0.0,80.0,finish_strong,0,4.9,1.0,0.8,178.0,145.0,1.0,2.6,144.0,146.0,0.0,0.0,,1.0,0.0,1.0,0.0,0.0,8.3,0,0,0,,bike_family,0.712,3,86.4,13.1,0.5,high,6.634,False,,,11.0,5,142.5,5,2.0,249.0,2,628.0,5,911.0,10,1983.0,22,1.267,1.536,964.5,True,2664.0
2025-07-27,1.0,204.3,1.0,0.0,0.0,97.0,easy,0,0.0,0.0,0.0,145.0,134.0,0.0,-12.1,284.0,284.0,0.0,0.0,,1.0,0.0,1.0,0.0,0.0,3.4,0,0,0,,,,0,,,,,,False,,,9.1,5,107.7,5,3.0,228.0,2,581.0,5,991.0,11,1804.0,22,1.288,1.471,854.8,True,1884.0
2025-07-28,2.0,65.7,1.0,1.0,0.0,16.0,easy,0,0.0,0.0,0.0,119.0,114.0,0.0,-0.4,,,30.4,0.0,,0.0,0.0,0.0,0.0,0.0,,0,0,0,,bike_family,0.723,3,93.4,6.5,0.1,high,14.385,False,,,1.5,5,70.2,5,3.0,325.0,3,563.0,5,961.0,11,1722.0,22,1.308,1.455,818.9,True,1661.0
2025-07-29,1.0,59.6,1.0,0.0,0.0,26.0,easy,0,0.0,0.0,0.0,133.0,126.0,0.0,1.5,,,0.0,0.0,,0.0,0.0,0.0,0.0,0.0,,0,0,0,,bike_family,0.723,3,93.4,6.5,0.1,high,14.385,False,,,1.5,6,70.2,6,3.0,193.0,3,579.0,6,937.0,11,1738.0,23,1.333,1.586,918.1,True,1661.0
2025-07-30,1.0,61.0,1.0,0.0,0.0,40.0,finish_strong,0,0.0,0.0,0.0,146.0,139.0,1.0,7.8,,,0.0,0.0,,0.0,0.0,0.0,0.0,0.0,,0,0,0,,bike_family,0.635,2,94.1,5.7,0.1,moderate,16.526,False,,,1.5,6,43.3,6,3.0,139.0,3,468.0,6,891.0,11,1730.0,23,1.082,1.335,624.8,True,1212.0
2025-07-31,1.0,76.6,0.0,1.0,0.0,15.0,NA,0,,,,,,,,,,76.6,0.0,,0.0,1.0,0.0,0.0,0.0,,0,0,0,,bike_family,0.725,2,94.1,5.7,0.1,moderate,16.526,False,,,1.4,6,20.2,6,3.0,82.0,3,407.0,6,918.0,11,1698.0,23,0.959,1.195,486.2,True,1052.0
2025-08-01,1.0,118.1,1.0,0.0,0.0,78.0,work_steady,0,33.6,4.0,1.7,171.0,154.0,0.0,7.0,632.0,676.0,0.0,0.0,,0.0,0.0,0.0,0.0,0.0,18.0,0,0,0,,bike_family,0.725,2,94.1,5.7,0.1,moderate,16.526,False,,,1.4,6,20.2,6,3.0,81.0,3,422.0,7,902.0,11,1661.0,23,1.016,1.301,549.0,True,1052.0
2025-08-02,1.0,113.4,1.0,0.0,0.0,98.0,work_steady,0,46.9,5.0,0.9,165.0,159.0,0.0,20.9,635.0,640.0,0.0,0.0,,0.0,0.0,0.0,0.0,0.0,51.1,0,0,0,,bike_family,0.632,2,84.8,14.7,0.6,moderate,5.81,False,,,2.5,6,38.5,6,2.0,133.0,3,352.0,7,980.0,12,1699.0,23,0.829,1.596,561.8,True,1106.0
2025-08-03,1.0,49.5,0.0,1.0,0.0,8.0,NA,0,,,,,,,,,,49.5,0.0,,0.0,0.0,0.0,0.0,0.0,,0,0,0,,bike_family,0.644,2,84.8,14.7,0.6,moderate,5.81,False,,,2.6,6,80.5,6,1.0,191.0,3,370.0,7,951.0,12,1732.0,23,0.855,1.535,568.1,True,1600.0
2025-08-04,1.0,167.9,1.0,0.0,0.0,89.0,easy,0,3.3,1.0,0.0,155.0,144.0,0.0,8.5,240.0,249.0,0.0,0.0,,1.0,0.0,1.0,0.0,0.0,3.9,0,0,0,,run_family,0.609,2,72.8,26.7,0.5,moderate,2.745,False,,,2.6,5,80.5,5,1.0,184.0,3,281.0,7,844.0,12,1646.0,23,0.683,1.249,351.0,True,1316.0
2025-08-05,1.0,85.2,1.0,0.0,0.0,62.0,work_moderate,0,6.6,1.0,0.0,160.0,156.0,0.0,5.2,,,0.0,0.0,,0.0,0.0,0.0,0.0,0.0,,0,0,0,,bike_family,0.61,2,78.4,20.9,0.6,moderate,3.78,False,,,2.6,5,83.8,5,1.0,195.0,3,354.0,7,933.0,13,1735.0,24,0.816,1.471,520.8,True,1565.0
2025-08-06,1.0,103.1,0.0,1.0,0.0,23.0,NA,0,,,,,,,,,,103.1,0.0,,0.0,1.0,0.0,0.0,0.0,,0,0,0,,,,0,,,,,,False,,,2.6,5,90.4,5,1.0,159.0,3,390.0,7,858.0,13,1663.0,24,0.938,1.689,658.9,True,1565.0
2025-08-07,2.0,83.0,1.0,1.0,0.0,31.0,easy,0,0.0,0.0,0.0,139.0,126.0,0.0,-8.7,,,22.1,0.0,,0.0,0.0,0.0,0.0,0.0,,0,0,0,,,,0,,,,,,False,,,2.6,4,90.4,4,0.0,174.0,3,373.0,7,780.0,13,1632.0,24,0.914,1.539,573.9,True,1565.0
2025-08-08,1.0,91.8,1.0,0.0,0.0,62.0,work_moderate,0,17.4,5.0,0.0,157.0,150.0,0.0,-17.4,544.0,546.0,0.0,0.0,,0.0,0.0,0.0,0.0,0.0,88.3,0,0,0,,,,0,,,,,,False,,,2.6,5,90.4,5,0.0,116.0,3,389.0,7,811.0,14,1635.0,24,0.952,1.71,665.3,True,1565.0
2025-08-09,1.0,158.7,1.0,0.0,0.0,77.0,work_moderate,0,18.4,3.0,0.0,150.0,143.0,0.0,-61.0,833.0,831.0,0.0,0.0,,0.0,0.0,0.0,0.0,0.0,23.2,0,0,0,,run_family,0.645,3,73.7,25.9,0.3,high,2.857,False,,,0.9,5,74.2,5,0.0,116.0,3,373.0,7,725.0,14,1636.0,24,0.912,1.698,633.5,True,1435.0
2025-08-10,1.0,71.0,1.0,0.0,0.0,48.0,easy,0,0.0,0.0,0.1,163.0,137.0,0.0,1.7,138.0,130.0,0.0,0.0,,0.0,0.0,0.0,0.0,0.0,13.6,0,0,0,,bike_family,0.635,2,89.6,10.4,0.0,moderate,8.615,False,,,0.0,5,45.7,5,0.0,170.0,3,352.0,7,722.0,14,1713.0,25,0.822,1.812,637.8,True,1626.0
2025-08-12,1.0,173.6,1.0,0.0,0.0,114.0,work_steady,0,54.9,5.0,2.9,165.0,152.0,0.0,0.6,993.0,974.0,0.0,0.0,,0.0,0.0,0.0,0.0,0.0,18.6,0,0,0,,run_family,0.627,3,88.2,11.8,0.0,high,7.475,False,,,0.1,5,42.4,5,0.0,125.0,2,303.0,6,657.0,13,1594.0,24,0.76,1.747,529.5,True,1507.0
2025-08-13,1.0,113.7,1.0,0.0,0.0,85.0,work_steady,0,34.9,5.0,0.2,169.0,155.0,0.0,-14.5,498.0,502.0,0.0,0.0,,0.0,0.0,0.0,0.0,0.0,40.4,0,0,0,,bike_family,0.661,2,76.8,22.3,0.9,moderate,3.484,False,,,3.0,5,90.7,5,0.0,162.0,2,355.0,6,745.0,13,1636.0,24,0.868,1.45,514.9,True,2481.0
2025-08-14,2.0,222.9,0.0,1.0,0.0,18.0,NA,0,,,,,,,,,,222.9,0.0,,0.0,0.0,0.0,0.0,0.0,,0,0,0,,,,0,,,,,,False,,,3.2,6,125.6,6,0.0,199.0,2,417.0,6,790.0,13,1708.0,24,0.977,1.718,716.4,True,2983.0
2025-08-16,2.0,124.7,1.0,1.0,0.0,31.0,easy,0,0.0,0.0,0.0,142.0,126.0,0.0,-5.7,,,85.3,0.0,,0.0,0.0,0.0,0.0,0.0,,0,0,0,,bike_family,0.635,2,76.8,22.3,0.9,moderate,3.484,False,,,3.2,4,108.2,4,0.0,103.0,2,342.0,5,715.0,12,1695.0,24,0.807,1.177,402.4,True,2437.0
2025-08-18,2.0,108.1,0.0,1.0,1.0,37.0,NA,0,,,,,,,,,,45.2,62.9,,0.0,0.0,0.0,0.0,0.0,,0,0,0,,bike_family,0.605,1,68.0,30.3,1.7,low,2.3,False,,,3.1,3,89.8,3,0.0,31.0,1,248.0,4,640.0,11,1484.0,23,0.668,0.831,206.1,True,1476.0
2025-08-19,1.0,55.5,0.0,1.0,0.0,13.0,NA,0,,,,,,,,,,55.5,0.0,,0.0,0.0,0.0,0.0,0.0,,0,0,0,,bike_family,0.605,1,68.0,30.3,1.7,low,2.3,False,,,3.1,3,89.8,3,0.0,68.0,2,285.0,5,588.0,11,1521.0,24,0.75,1.015,289.2,True,1476.0
2025-08-20,1.0,46.7,1.0,0.0,0.0,26.0,easy,0,0.0,0.0,0.0,138.0,133.0,0.0,-14.8,,,0.0,0.0,,0.0,0.0,0.0,0.0,0.0,,0,0,0,,run_family,1.0,1,66.5,33.3,0.2,low,2.003,False,,,0.2,2,34.9,2,0.0,50.0,2,184.0,5,539.0,11,1397.0,24,0.527,0.963,177.3,True,502.0
2025-08-21,1.0,124.3,1.0,0.0,0.0,62.0,work_moderate,0,8.6,1.0,0.8,158.0,151.0,1.0,-1.2,364.0,361.0,0.0,0.0,,0.0,0.0,0.0,0.0,0.0,8.1,0,0,0,,,,0,,,,,,False,,,0.0,2,0.0,2,0.0,76.0,3,125.0,5,542.0,11,1322.0,24,0.378,1.327,165.9,True,0.0
2025-08-22,2.0,197.3,1.0,1.0,0.0,80.0,easy,0,0.0,0.0,0.0,151.0,139.0,0.0,13.3,208.0,214.0,57.6,0.0,,1.0,0.0,1.0,0.0,0.0,3.9,0,0,0,,bike_family,1.0,1,87.8,11.5,0.6,low,7.687,False,,,0.8,3,8.6,3,1.0,101.0,3,169.0,5,573.0,11,1384.0,25,0.488,1.178,199.1,True,361.0
2025-08-23,1.0,96.2,1.0,0.0,0.0,79.0,work_intense,1,17.8,4.0,3.3,165.0,160.0,0.0,8.7,334.0,332.0,0.0,0.0,,0.0,0.0,0.0,0.0,0.0,31.1,0,0,0,,bike_family,1.0,2,91.6,8.1,0.3,moderate,11.346,False,,,0.8,4,8.6,4,1.0,168.0,3,249.0,6,591.0,11,1316.0,25,0.757,1.393,347.0,True,575.0
2025-08-25,1.0,102.3,0.0,1.0,0.0,22.0,NA,0,,,,,,,,,,102.3,0.0,,0.0,1.0,0.0,0.0,0.0,,1,1,0,,bike_family,0.738,2,91.6,8.1,0.3,moderate,11.346,False,,,4.1,4,26.4,4,1.0,159.0,2,297.0,6,545.0,10,1218.0,24,0.975,1.438,427.0,True,907.0
2025-08-26,1.0,150.0,1.0,0.0,0.0,73.0,easy,0,0.0,0.0,4.1,169.0,145.0,0.0,-11.9,382.0,376.0,0.0,0.0,,1.0,0.0,1.0,0.0,0.0,7.5,1,1,0,,bike_family,0.738,2,91.6,8.1,0.3,moderate,11.346,False,,,4.1,4,26.4,4,1.0,101.0,2,282.0,6,567.0,11,1224.0,24,0.922,1.327,374.2,True,907.0
2025-08-27,1.0,85.2,1.0,0.0,0.0,60.0,work_moderate,0,12.9,2.0,0.0,151.0,147.0,1.0,2.7,96.0,94.0,0.0,0.0,,0.0,0.0,0.0,0.0,0.0,7.8,0,1,0,,bike_family,0.816,3,91.9,6.9,1.2,high,13.493,False,,,8.2,5,26.4,5,1.0,95.0,2,342.0,6,526.0,11,1271.0,24,1.076,1.633,558.5,True,1283.0
2025-08-28,1.0,235.8,1.0,0.0,0.0,113.0,work_moderate,0,10.3,3.0,0.8,161.0,143.0,0.0,-28.2,792.0,792.0,0.0,0.0,,0.0,0.0,0.0,0.0,0.0,10.9,0,1,0,,bike_family,0.698,3,91.9,6.9,1.2,high,13.493,False,,,8.2,5,39.3,5,2.0,155.0,3,376.0,6,501.0,11,1291.0,24,1.165,1.882,707.7,True,1377.0
2025-08-29,1.0,138.3,1.0,0.0,0.0,91.0,easy,0,4.6,1.0,0.0,155.0,143.0,0.0,-12.9,326.0,326.0,0.0,0.0,,1.0,0.0,1.0,0.0,0.0,17.9,0,0,0,,bike_family,0.741,3,93.3,5.8,1.0,high,16.259,False,,,8.2,5,41.0,5,1.0,246.0,3,427.0,6,596.0,11,1389.0,24,1.23,1.723,735.6,True,1808.0
2025-08-30,2.0,341.7,1.0,0.0,0.0,183.0,work_intense,1,27.5,4.0,10.2,168.0,154.0,1.0,-10.8,1443.0,1443.0,0.0,0.0,,0.0,0.0,0.0,0.0,0.0,14.6,0,0,0,,,,0,,,,,,False,,,8.2,5,45.6,5,1.0,264.0,3,438.0,6,687.0,12,1402.0,24,1.25,1.717,752.0,True,1920.0
2025-08-31,1.0,38.4,0.0,1.0,0.0,4.0,NA,0,,,,,,,,,,38.4,0.0,,0.0,0.0,0.0,0.0,0.0,,1,1,0,,bike_family,0.754,4,89.1,8.7,2.2,high,10.494,False,,,15.1,5,55.3,5,2.0,387.0,3,542.0,6,839.0,12,1487.0,24,1.458,1.382,748.8,True,3031.0
2025-09-01,1.0,104.3,1.0,0.0,0.0,106.0,work_intense,1,49.0,7.0,20.4,169.0,165.0,0.0,-13.7,648.0,664.0,0.0,0.0,,0.0,0.0,0.0,0.0,0.0,90.1,1,1,0,,bike_family,0.754,4,89.1,8.7,2.2,high,10.494,False,,,15.1,5,55.3,5,2.0,278.0,3,546.0,7,843.0,13,1483.0,24,1.473,1.411,770.6,True,3031.0
2025-09-02,1.0,126.8,1.0,0.0,0.0,86.0,work_steady,0,49.7,6.0,0.0,156.0,151.0,0.0,-16.0,814.0,809.0,0.0,0.0,,0.0,0.0,0.0,0.0,0.0,22.1,2,2,1,high,bike_family,0.677,4,89.1,8.7,2.2,high,10.494,False,,,35.5,6,104.3,6,2.0,293.0,3,630.0,7,912.0,13,1500.0,24,1.68,1.774,1117.5,True,3695.0
2025-09-03,1.0,96.0,1.0,0.0,0.0,86.0,work_steady,0,44.8,7.0,4.5,166.0,161.0,0.0,-21.6,568.0,582.0,0.0,0.0,5.0,0.0,0.0,0.0,1.0,0.0,85.0,1,2,1,low,bike_family,0.667,4,83.0,15.3,1.7,high,5.536,False,,,31.4,6,154.0,6,2.0,196.0,3,643.0,7,985.0,13,1524.0,24,1.688,1.826,1173.8,True,4128.0
2025-09-04,1.0,83.8,0.0,1.0,0.0,19.0,NA,0,,,,,,,,,,83.8,0.0,,0.0,1.0,0.0,0.0,0.0,,1,2,1,low,bike_family,0.66,4,83.0,15.3,1.7,high,5.536,False,,,35.9,6,185.9,6,1.0,278.0,3,669.0,7,1045.0,13,1587.0,24,1.686,1.96,1311.1,True,4616.0
2025-09-05,1.0,148.6,1.0,0.0,0.0,99.0,work_steady,0,42.5,4.0,2.2,160.0,154.0,0.0,-32.1,912.0,894.0,0.0,0.0,4.0,0.0,0.0,0.0,1.0,0.0,21.9,0,1,0,,,,0,,,,,,False,,,35.1,5,175.6,5,1.0,191.0,3,575.0,7,1002.0,13,1575.0,24,1.46,1.502,863.5,True,3824.0
2025-09-06,1.0,80.3,1.0,0.0,0.0,59.0,work_steady,0,23.5,5.0,1.5,163.0,159.0,0.0,0.7,480.0,460.0,0.0,0.0,,0.0,0.0,0.0,0.0,0.0,95.4,0,1,0,,bike_family,0.743,4,75.1,22.7,2.2,high,3.405,False,,,37.3,5,213.5,5,1.0,204.0,3,583.0,7,1021.0,13,1612.0,24,1.447,1.516,883.6,True,4392.0
2025-09-07,1.0,196.5,1.0,0.0,0.0,92.0,easy,0,0.0,0.0,0.0,146.0,137.0,0.0,2.6,169.0,150.0,0.0,0.0,,1.0,0.0,1.0,0.0,0.0,2.2,0,0,0,,,,0,,,,,,False,,,28.6,5,209.5,5,0.0,177.0,3,459.0,7,1001.0,13,1594.0,24,1.152,1.772,813.2,True,3409.0
2025-09-08,1.0,70.2,0.0,1.0,0.0,12.0,NA,0,,,,,,,,,,70.2,0.0,,0.0,0.0,0.0,0.0,0.0,,0,0,0,,bike_family,0.615,3,77.5,22.0,0.5,high,3.545,False,,,28.6,6,209.5,6,0.0,250.0,3,547.0,7,1093.0,14,1638.0,24,1.336,2.816,1540.3,True,3559.0
2025-09-09,1.0,130.5,1.0,0.0,0.0,102.0,work_steady,0,48.4,9.0,0.3,162.0,158.0,0.0,-2.7,894.0,878.0,0.0,0.0,,0.0,0.0,0.0,0.0,0.0,88.7,0,0,0,,bike_family,0.719,3,77.5,22.0,0.5,high,3.545,False,,,8.2,5,160.5,5,0.0,163.0,3,453.0,7,1083.0,14,1650.0,25,1.098,1.948,882.3,True,2895.0
2025-09-10,1.0,101.1,1.0,0.0,0.0,90.0,work_intense,1,34.2,6.0,7.9,167.0,163.8,0.0,-5.5,648.0,668.0,0.0,0.0,,0.0,0.0,0.0,0.0,0.0,68.7,0,0,0,,,,0,,,,,,False,,,8.5,5,159.2,5,0.0,206.0,3,469.0,7,1112.0,14,1638.0,25,1.145,1.908,895.0,True,2964.0
2025-09-11,1.0,183.4,1.0,0.0,0.0,88.0,work_moderate,0,7.6,2.0,0.0,149.0,141.0,0.0,-1.6,173.0,168.0,0.0,0.0,,0.0,0.0,0.0,0.0,0.0,2.5,1,1,0,,,,0,,,,,,False,,,11.9,5,148.6,5,0.0,204.0,3,473.0,7,1142.0,14,1643.0,25,1.152,1.906,901.8,True,3050.0
2025-09-12,1.0,82.0,1.0,0.0,0.0,68.0,work_intense,1,23.9,3.0,15.9,172.0,169.0,0.0,53.0,561.0,584.0,0.0,0.0,,0.0,0.0,0.0,0.0,0.0,57.0,1,1,0,,bike_family,0.617,3,87.6,11.9,0.4,high,7.395,False,,,11.9,6,156.2,6,0.0,280.0,3,542.0,7,1117.0,14,1713.0,25,1.266,2.608,1413.3,True,3218.0
2025-09-14,1.0,136.6,1.0,0.0,0.0,132.0,work_intense,1,63.5,7.0,18.6,169.0,165.0,0.0,-4.8,1122.0,1123.0,0.0,0.0,,1.0,0.0,0.0,0.0,0.0,116.3,1,2,1,low,,,0,,,,,,False,,,24.1,5,114.1,5,0.0,156.0,2,452.0,6,911.0,13,1750.0,25,1.033,1.684,761.1,True,2448.0
2025-09-16,1.0,63.2,1.0,0.0,0.0,38.0,easy,0,0.0,0.0,0.0,147.0,136.0,0.0,0.2,,,0.0,0.0,3.0,0.0,0.0,0.0,1.0,0.0,,1,2,1,low,run_family,0.72,4,58.1,32.2,9.7,high,2.106,True,4,1,42.7,5,177.6,5,0.0,132.0,1,480.0,5,933.0,12,1845.0,25,1.041,1.463,702.2,True,3421.0
2025-09-20,1.0,573.1,1.0,0.0,0.0,192.0,easy,0,0.0,0.0,0.0,151.0,136.0,0.0,-18.1,1352.0,1605.0,0.0,0.0,,1.0,0.0,1.0,0.0,0.0,49.9,0,0,0,,run_family,1.0,1,48.1,37.9,14.0,low,1.639,False,,,18.6,2,63.5,2,0.0,,0,170.0,2,681.0,9,1702.0,22,0.4,,,True,1123.0
2025-09-21,1.0,225.1,1.0,0.0,0.0,82.0,finish_strong,0,0.0,0.0,0.0,142.0,130.0,1.0,31.7,1141.0,270.0,0.0,0.0,,0.0,0.0,1.0,0.0,0.0,101.5,0,0,0,,hike_family,0.78,1,99.5,0.5,0.0,low,99.5,False,,,18.6,3,63.5,3,0.0,192.0,1,362.0,3,814.0,9,1815.0,22,0.798,0.711,257.5,True,2728.0
2025-09-22,1.0,642.2,1.0,0.0,0.0,217.0,easy,0,0.0,0.0,0.0,153.0,133.0,0.0,5.4,1633.0,2018.0,0.0,0.0,,1.0,0.0,1.0,0.0,0.0,68.8,0,0,0,,hike_family,1.0,2,99.7,0.3,0.0,moderate,99.7,False,,,0.0,3,0.0,3,1.0,274.0,2,312.0,3,804.0,9,1897.0,23,0.658,0.668,208.5,True,1875.0
2025-09-23,1.0,615.3,1.0,0.0,0.0,184.0,easy,0,0.0,0.0,0.0,147.0,130.0,0.0,-0.1,1566.0,1193.0,0.0,0.0,,1.0,0.0,1.0,0.0,0.0,79.5,0,0,0,,hike_family,1.0,3,99.7,0.3,0.0,high,99.7,False,,,0.0,4,0.0,4,1.0,491.0,3,529.0,4,1009.0,9,2092.0,23,1.011,0.876,463.2,True,3893.0
2025-09-24,1.0,385.4,1.0,0.0,0.0,60.0,easy,0,0.0,0.0,0.0,132.0,112.0,0.0,-11.5,468.0,1381.0,0.0,0.0,,0.0,0.0,0.0,0.0,0.0,22.9,0,0,0,,hike_family,1.0,4,99.8,0.2,0.0,high,99.8,False,,,0.0,4,0.0,4,1.0,483.0,3,675.0,4,1091.0,9,2203.0,23,1.226,1.046,706.3,True,5086.0
2025-09-26,2.0,108.5,1.0,1.0,0.0,36.0,easy,0,0.0,0.0,0.0,132.0,123.8,0.0,-4.7,,,48.3,0.0,,0.0,0.0,0.0,0.0,0.0,,0,0,0,,hike_family,1.0,5,99.8,0.2,0.0,high,99.8,False,,,0.0,5,0.0,5,1.0,244.0,2,735.0,5,973.0,8,2090.0,22,1.407,1.231,904.5,True,6467.0
2025-09-27,1.0,70.5,1.0,0.0,0.0,60.0,work_intense,1,24.9,1.0,7.5,170.0,168.0,1.0,24.0,,,0.0,0.0,,0.0,0.0,0.0,0.0,0.0,,0,0,0,,hike_family,1.0,5,99.8,0.2,0.0,high,99.8,False,,,0.0,6,0.0,6,1.0,96.0,2,771.0,6,941.0,8,2035.0,22,1.515,1.381,1065.0,True,6467.0
2025-09-28,1.0,166.2,1.0,0.0,0.0,86.0,work_moderate,0,9.5,1.0,0.0,151.0,141.0,0.0,-7.2,876.0,858.0,0.0,0.0,,0.0,0.0,0.0,0.0,0.0,18.0,1,1,0,,hike_family,0.954,4,99.9,0.1,0.0,high,99.9,False,,,7.5,6,24.9,6,2.0,96.0,2,639.0,6,1001.0,9,1912.0,22,1.337,1.242,793.4,True,4862.0
2025-09-29,1.0,73.3,1.0,0.0,0.0,47.0,easy,0,0.0,0.0,0.0,146.0,135.0,0.0,3.7,259.0,258.0,0.0,0.0,,0.0,0.0,0.0,0.0,0.0,25.8,1,1,0,,hike_family,0.845,3,99.9,0.1,0.0,high,99.9,False,,,7.5,6,34.4,6,1.0,182.0,3,643.0,6,955.0,9,1994.0,22,1.29,1.25,804.0,True,5450.0
2025-09-30,4.0,163.7,1.0,1.0,0.0,60.0,work_moderate,0,7.4,1.0,0.2,156.0,140.0,1.0,8.3,,,101.5,0.0,,0.0,0.0,0.0,0.0,0.0,,1,1,0,,hike_family,0.708,2,100.0,0.0,0.0,moderate,100.0,False,,,7.5,6,34.4,6,1.0,193.0,3,473.0,6,1002.0,10,1935.0,22,0.978,1.264,598.0,True,3690.0
2025-10-01,1.0,122.0,1.0,0.0,0.0,88.0,work_intense,1,37.7,5.0,9.3,163.0,158.0,0.0,-19.2,824.0,806.0,0.0,0.0,,0.0,0.0,0.0,0.0,0.0,22.4,0,1,0,,,,0,,,,,,False,,,7.7,6,41.8,6,2.0,193.0,3,349.0,6,1024.0,10,1909.0,22,0.731,2.011,702.0,True,2497.0
2025-10-02,1.0,103.3,1.0,0.0,0.0,90.0,work_intense,1,42.3,6.0,9.5,172.0,166.0,0.0,-4.5,694.0,693.0,0.0,0.0,,0.0,0.0,0.0,0.0,0.0,86.5,1,2,1,low,bike_family,0.661,2,80.3,16.3,3.4,moderate,5.135,False,,,17.0,6,79.5,6,2.0,195.0,3,377.0,6,1112.0,11,1911.0,22,0.789,1.914,721.7,True,1922.0
2025-10-03,3.0,146.9,1.0,1.0,0.0,56.0,work_moderate,0,5.5,1.0,0.0,146.0,140.0,1.0,23.7,,,94.7,0.0,,0.0,1.0,0.0,0.0,0.0,,2,2,1,high,,,0,,,,,,False,,,26.5,7,121.8,7,2.0,238.0,3,467.0,7,1202.0,12,1982.0,22,0.942,3.342,1560.7,True,2615.0
2025-10-04,1.0,131.2,1.0,0.0,0.0,74.0,easy,0,3.3,1.0,0.0,152.0,142.0,0.0,5.2,217.0,217.0,0.0,0.0,,0.0,0.0,1.0,0.0,0.0,4.1,2,2,1,high,,,0,,,,,,False,,,26.5,7,127.3,7,3.0,234.0,3,487.0,7,1258.0,13,1939.0,22,1.005,4.219,2054.5,True,2615.0
2025-10-05,1.0,115.2,1.0,0.0,0.0,76.0,work_moderate,0,9.8,2.0,0.1,162.0,152.0,0.0,-0.3,436.0,435.0,0.0,0.0,,0.0,0.0,0.0,0.0,0.0,34.3,1,2,1,low,bike_family,0.7,3,84.1,13.6,2.3,high,6.353,False,,,19.0,7,105.7,7,2.0,220.0,3,501.0,7,1140.0,13,1954.0,22,1.026,4.459,2233.8,True,2832.0
2025-10-06,2.0,111.8,1.0,1.0,0.0,47.0,finish_strong,0,0.0,0.0,0.0,146.0,138.0,1.0,,,,51.8,0.0,,0.0,0.0,0.0,0.0,0.0,,0,2,1,low,,,0,,,,,,False,,,19.1,7,106.0,7,2.0,206.0,3,491.0,7,1134.0,13,1938.0,22,1.013,4.638,2277.4,True,2409.0
2025-10-07,1.0,94.2,1.0,0.0,0.0,100.0,work_steady,0,76.1,1.0,1.5,165.0,160.0,0.0,12.3,,,0.0,0.0,,1.0,0.0,0.0,0.0,0.0,,0,1,0,,,,0,,,,,,False,,,19.1,7,106.0,7,3.0,197.0,3,491.0,7,964.0,13,1973.0,22,0.995,4.638,2277.4,True,2151.0
2025-10-08,1.0,142.2,1.0,0.0,0.0,71.0,easy,0,0.0,0.0,0.0,144.0,135.0,0.0,3.9,133.0,93.0,0.0,0.0,,0.0,0.0,1.0,0.0,0.0,2.5,0,0,0,,,,0,,,,,,False,,,20.4,7,174.7,7,2.0,223.0,3,531.0,7,880.0,13,1971.0,22,1.078,4.318,2292.6,True,2151.0
2025-10-09,3.0,138.5,1.0,1.0,0.0,51.0,finish_strong,0,0.0,0.0,0.5,156.0,144.0,1.0,5.2,,,92.6,0.0,,0.0,1.0,0.0,0.0,0.0,,0,0,0,,,,0,,,,,,False,,,11.1,7,137.0,7,2.0,218.0,3,514.0,7,891.0,13,1952.0,22,1.053,4.349,2235.3,True,1438.0
2025-10-10,1.0,147.7,1.0,0.0,0.0,82.0,work_moderate,0,18.9,4.0,0.0,152.0,147.0,0.0,-6.9,876.0,876.0,0.0,0.0,,0.0,0.0,0.0,0.0,0.0,21.6,0,0,0,,,,0,,,,,,False,,,2.1,7,94.7,7,3.0,222.0,3,475.0,7,942.0,14,1915.0,22,0.992,4.008,1903.6,True,745.0
2025-10-11,1.0,135.0,1.0,0.0,0.0,100.0,work_moderate,0,9.1,2.0,0.0,153.0,145.0,0.0,-6.7,295.0,267.0,0.0,0.0,,1.0,0.0,0.0,0.0,0.0,15.8,0,0,0,,bike_family,0.609,3,92.1,7.9,0.0,high,11.658,False,,,2.1,7,108.1,7,2.0,204.0,3,501.0,7,988.0,14,1929.0,22,1.039,4.267,2137.6,True,1621.0
2025-10-13,3.0,139.2,1.0,1.0,0.0,43.0,easy,0,0.0,0.0,0.0,135.0,127.0,0.0,0.4,,,93.4,0.0,,0.0,0.0,0.0,0.0,0.0,,0,0,0,,,,0,,,,,,False,,,2.0,6,104.1,6,2.0,182.0,2,451.0,6,942.0,13,1897.0,22,0.951,1.966,886.7,True,1236.0
2025-10-14,1.0,130.2,1.0,0.0,0.0,106.0,work_steady,0,46.2,4.0,0.0,157.0,153.0,0.0,-4.9,846.0,854.0,0.0,0.0,,1.0,0.0,0.0,0.0,0.0,53.9,0,0,0,,,,0,,,,,,False,,,2.0,6,104.1,6,1.0,143.0,2,447.0,6,938.0,13,1940.0,23,0.922,1.929,862.3,True,1236.0
2025-10-15,1.0,131.8,1.0,0.0,0.0,82.0,work_moderate,0,19.5,2.0,0.0,147.0,143.0,0.0,-9.8,877.0,864.0,0.0,0.0,,0.0,0.0,0.0,0.0,0.0,23.8,0,0,0,,,,0,,,,,,False,,,0.5,6,74.2,6,1.0,149.0,2,453.0,6,984.0,13,2008.0,23,0.902,1.898,859.9,True,2090.0
2025-10-16,2.0,121.7,1.0,1.0,0.0,45.0,easy,0,0.0,0.0,0.0,133.0,128.0,0.0,10.6,,,61.1,0.0,,0.0,0.0,0.0,0.0,0.0,,0,0,0,,,,0,,,,,,False,,,0.5,6,93.7,6,1.0,231.0,3,464.0,6,978.0,13,2090.0,24,0.888,1.916,889.1,True,2861.0
2025-10-17,1.0,131.4,1.0,0.0,0.0,115.0,work_steady,0,41.9,4.0,0.2,164.0,154.0,0.0,15.4,1043.0,1038.0,0.0,0.0,,1.0,0.0,0.0,0.0,0.0,57.9,0,0,0,,,,0,,,,,,False,,,0.0,6,93.7,6,0.0,233.0,3,458.0,6,933.0,13,2135.0,25,0.858,1.868,855.3,True,2861.0
2025-10-19,1.0,169.1,1.0,0.0,0.0,108.0,work_steady,0,24.5,3.0,0.2,157.0,151.0,0.0,-5.6,432.0,404.0,0.0,0.0,,1.0,0.0,0.0,0.0,0.0,6.8,0,0,0,,run_family,0.672,2,66.8,33.1,0.1,moderate,2.021,True,5,1,0.2,5,107.6,5,0.0,160.0,2,391.0,5,918.0,12,2058.0,25,0.76,1.285,502.6,True,2756.0
2025-10-20,1.0,101.5,0.0,1.0,0.0,28.0,NA,0,,,,,,,,,,101.5,0.0,,0.0,1.0,0.0,0.0,0.0,,0,0,0,,,,0,,,,,,False,,,0.4,6,132.1,6,0.0,223.0,2,499.0,6,950.0,12,2084.0,25,0.958,1.786,891.2,True,3160.0
2025-10-21,1.0,95.0,1.0,0.0,0.0,75.0,work_moderate,0,14.7,3.0,0.0,146.0,144.0,0.0,4.4,,,0.0,0.0,,0.0,0.0,0.0,0.0,0.0,,0,0,0,,,,0,,,,,,False,,,0.4,5,132.1,5,0.0,136.0,2,484.0,6,931.0,12,1895.0,25,1.022,1.657,801.8,True,3160.0
2025-10-22,1.0,102.0,1.0,0.0,0.0,64.0,work_steady,0,36.5,4.0,0.0,153.0,147.0,0.0,-33.2,648.0,624.0,0.0,0.0,,0.0,0.0,0.0,0.0,0.0,25.2,0,0,0,,,,0,,,,,,False,,,0.4,5,100.6,5,0.0,211.0,3,453.0,6,906.0,12,1786.0,25,1.015,1.653,748.7,True,2306.0
2025-10-23,2.0,101.0,1.0,1.0,0.0,42.0,easy,0,0.0,0.0,0.0,142.0,132.0,0.0,1.6,,,39.3,0.0,,0.0,0.0,0.0,0.0,0.0,,0,0,0,,,,0,,,,,,False,,,0.4,5,117.6,5,0.0,167.0,3,435.0,6,899.0,12,1790.0,25,0.972,1.613,701.8,True,2066.0
2025-10-24,1.0,67.3,1.0,0.0,0.0,36.0,easy,0,0.0,0.0,0.0,136.0,131.0,0.0,,,,0.0,0.0,,0.0,0.0,0.0,0.0,0.0,,0,0,0,,,,0,,,,,,False,,,0.4,5,117.6,5,0.0,181.0,3,432.0,6,890.0,12,1832.0,26,0.943,1.594,688.5,True,2066.0
2025-10-26,1.0,70.7,1.0,0.0,0.0,54.0,work_moderate,0,13.9,2.0,0.0,149.0,146.0,0.0,,,,0.0,0.0,,0.0,0.0,0.0,0.0,0.0,,0,0,0,,bike_family,0.613,2,72.1,27.8,0.1,moderate,2.597,False,,,0.2,5,75.7,5,0.0,78.0,2,353.0,6,744.0,11,1772.0,25,0.797,1.548,546.5,True,1028.0
2025-10-27,1.0,125.3,1.0,0.0,0.0,97.0,easy,0,0.0,0.0,0.0,154.0,143.0,0.0,-2.9,1012.0,1015.0,0.0,0.0,,1.0,0.0,1.0,0.0,0.0,57.5,0,0,0,,,,0,,,,,,False,,,0.0,5,65.1,5,0.0,90.0,2,299.0,6,798.0,12,1740.0,25,0.687,1.856,554.8,True,624.0
2025-10-28,1.0,80.8,0.0,1.0,0.0,14.0,NA,0,,,,,,,,,,80.8,0.0,,0.0,1.0,0.0,0.0,0.0,,0,0,0,,,,0,,,,,,False,,,0.0,6,65.1,6,0.0,151.0,2,368.0,6,852.0,12,1790.0,25,0.822,1.833,674.4,True,1639.0
2025-10-29,1.0,90.5,0.0,0.0,1.0,47.0,NA,0,,,,,,,,,,0.0,90.5,,0.0,0.0,0.0,0.0,0.0,,0,0,0,,,,0,,,,,,False,,,0.0,5,50.4,5,0.0,165.0,3,307.0,6,760.0,12,1744.0,25,0.704,1.472,451.9,True,1639.0
2025-10-30,1.0,56.7,0.0,1.0,0.0,8.0,NA,0,,,,,,,,,,56.7,0.0,,0.0,0.0,0.0,0.0,0.0,,0,0,0,,,,0,,,,,,False,,,0.0,4,13.9,4,0.0,158.0,3,290.0,6,725.0,12,1703.0,25,0.681,1.442,418.3,True,1015.0
2025-10-31,1.0,99.0,1.0,0.0,0.0,66.0,work_steady,0,33.2,4.0,0.0,153.0,147.0,0.0,-14.8,645.0,650.0,0.0,0.0,,0.0,0.0,0.0,0.0,0.0,23.0,0,0,0,,,,0,,,,,,False,,,0.0,3,13.9,3,0.0,69.0,3,256.0,6,688.0,12,1621.0,25,0.632,1.18,302.0,True,1015.0
2025-11-02,1.0,114.6,1.0,0.0,0.0,96.0,work_moderate,0,18.1,4.0,0.8,163.0,156.0,0.0,28.8,388.0,400.0,0.0,0.0,,0.0,0.0,0.0,0.0,0.0,25.3,0,0,0,,,,0,,,,,,False,,,0.0,3,47.1,3,0.0,74.0,2,286.0,6,639.0,12,1557.0,24,0.735,1.251,357.8,True,1665.0
2025-11-03,1.0,68.5,1.0,0.0,0.0,52.0,easy,0,4.2,1.0,0.0,161.0,154.0,0.0,11.4,342.0,340.0,0.0,0.0,,0.0,0.0,0.0,0.0,0.0,39.3,0,0,0,,run_family,0.713,2,85.9,13.8,0.3,moderate,6.246,False,,,0.8,3,51.3,3,0.0,162.0,2,328.0,6,627.0,12,1577.0,24,0.832,1.235,405.0,True,2065.0
2025-11-04,1.0,80.5,0.0,1.0,0.0,16.0,NA,0,,,,,,,,,,80.5,0.0,,0.0,1.0,0.0,0.0,0.0,,0,0,0,,run_family,0.656,2,74.7,24.8,0.4,moderate,3.028,False,,,0.8,3,55.5,3,0.0,148.0,2,283.0,6,651.0,12,1582.0,24,0.716,1.252,354.2,True,1390.0
2025-11-05,1.0,57.2,0.0,1.0,0.0,11.0,NA,0,,,,,,,,,,57.2,0.0,,0.0,0.0,0.0,0.0,0.0,,0,0,0,,run_family,0.656,2,74.7,24.8,0.4,moderate,3.028,False,,,0.8,3,55.5,3,0.0,164.0,3,285.0,6,592.0,12,1498.0,24,0.761,1.269,361.8,True,1390.0
2025-11-06,1.0,45.0,1.0,0.0,0.0,28.0,work_moderate,0,18.7,3.0,1.4,160.0,148.0,0.0,-10.4,,,0.0,0.0,4.0,0.0,0.0,0.0,1.0,0.0,,0,0,0,,run_family,0.656,2,74.7,24.8,0.4,moderate,3.028,False,,,0.8,3,55.5,3,0.0,79.0,3,249.0,6,539.0,12,1438.0,24,0.693,1.062,264.3,True,1390.0
2025-11-07,1.0,155.4,1.0,0.0,0.0,123.0,work_intense,1,54.1,5.0,21.1,172.0,167.0,0.0,-8.5,850.0,866.0,0.0,0.0,5.0,1.0,0.0,0.0,1.0,0.0,20.3,0,0,0,,run_family,0.656,2,74.7,24.8,0.4,moderate,3.028,False,,,2.2,4,74.2,4,0.0,55.0,3,269.0,6,525.0,12,1415.0,24,0.76,1.207,324.6,True,1390.0
2025-11-08,1.0,35.0,1.0,0.0,0.0,41.0,work_intense,1,12.8,1.0,12.0,182.0,182.0,0.0,41.4,,,0.0,0.0,8.0,0.0,0.0,0.0,1.0,0.0,,1,1,0,,,,0,,,,,,False,,,23.3,4,95.1,4,0.0,162.0,3,326.0,6,612.0,12,1456.0,24,0.896,1.08,351.9,True,1606.0
2025-11-09,1.0,178.8,1.0,0.0,0.0,131.0,work_steady,0,58.8,8.0,0.6,157.0,151.0,0.0,-43.0,917.0,881.0,0.0,0.0,5.0,1.0,0.0,1.0,1.0,0.0,16.5,2,2,1,high,run_family,0.603,3,72.1,22.0,6.0,high,3.55,False,,,35.3,5,107.9,5,0.0,192.0,3,367.0,7,653.0,13,1397.0,24,1.051,1.344,493.3,True,1606.0
2025-11-10,1.0,87.2,0.0,1.0,0.0,24.0,NA,0,,,,,,,,,,87.2,0.0,,0.0,1.0,0.0,1.0,0.0,,2,2,1,high,bike_family,0.753,2,59.0,34.0,7.0,moderate,1.941,True,6,3,35.1,5,148.6,5,0.0,295.0,3,402.0,7,730.0,13,1528.0,25,1.052,1.251,502.9,True,2087.0
2025-11-11,1.0,75.4,1.0,0.0,0.0,81.0,work_intense,1,28.7,5.0,18.1,178.0,175.0,0.0,-12.3,567.0,552.0,0.0,0.0,7.0,0.0,0.0,0.0,1.0,0.0,76.1,1,2,1,low,bike_family,0.902,2,59.0,34.0,7.0,moderate,1.941,True,6,3,35.1,4,144.4,4,0.0,196.0,3,374.0,7,657.0,13,1509.0,25,0.991,1.127,421.6,True,1747.0
2025-11-12,1.0,142.1,1.0,0.0,0.0,80.0,easy,0,0.0,0.0,0.0,144.0,135.0,0.0,-1.6,499.0,499.0,0.0,0.0,5.0,1.0,0.0,1.0,1.0,0.0,27.8,1,3,1,high,bike_family,0.741,2,59.0,34.0,7.0,moderate,1.941,True,6,3,53.2,5,173.1,5,0.0,236.0,3,439.0,7,724.0,13,1484.0,25,1.183,1.379,605.3,True,2299.0
2025-11-13,1.0,67.5,1.0,0.0,0.0,53.0,work_steady,0,32.9,2.0,2.4,160.0,156.0,0.0,-18.3,491.0,497.0,0.0,0.0,5.0,0.0,0.0,0.0,1.0,0.0,24.5,1,2,1,low,,,0,,,,,,False,,,53.2,6,173.1,6,0.0,185.0,3,508.0,7,757.0,13,1482.0,25,1.371,1.796,912.5,True,2798.0
2025-11-14,1.0,93.4,0.0,1.0,0.0,27.0,NA,0,,,,,,,,,,93.4,0.0,,0.0,1.0,0.0,1.0,0.0,,1,1,0,,bike_family,0.606,3,57.2,36.3,6.5,high,1.755,True,7,1,54.2,6,187.3,6,0.0,214.0,3,533.0,7,802.0,13,1490.0,25,1.431,2.042,1088.4,True,3295.0
2025-11-15,1.0,180.6,1.0,0.0,0.0,127.0,work_steady,0,40.5,3.0,2.6,165.0,154.0,0.0,-26.0,892.0,861.0,0.0,0.0,5.0,1.0,0.0,0.0,1.0,0.0,14.7,0,1,0,,,,0,,,,,,False,,,33.1,5,133.2,5,0.0,160.0,3,437.0,7,763.0,13,1402.0,25,1.247,1.777,776.7,True,2429.0
2025-11-16,1.0,91.9,1.0,0.0,0.0,70.0,work_intense,1,14.0,2.0,3.7,170.0,159.0,0.0,11.9,349.0,347.0,0.0,0.0,5.0,0.0,0.0,0.0,1.0,0.0,29.9,0,1,0,,bike_family,0.659,3,65.0,33.6,1.4,high,1.976,True,8,1,23.7,5,160.9,5,0.0,207.0,3,523.0,7,890.0,14,1529.0,26,1.368,1.86,973.0,True,3290.0
2025-11-17,2.0,68.7,1.0,1.0,0.0,23.0,easy,0,0.0,0.0,0.0,138.0,132.0,0.0,17.2,,,30.7,0.0,4.0,0.0,0.0,0.0,2.0,0.0,,1,1,0,,,,0,,,,,,False,,,26.8,5,116.1,5,0.0,224.0,3,462.0,7,864.0,14,1491.0,26,1.239,2.001,924.7,True,2756.0
2025-11-18,2.0,113.5,1.0,1.0,0.0,80.0,work_intense,1,21.3,4.0,11.6,179.0,173.0,1.0,11.6,,,55.0,0.0,7.0,0.0,1.0,0.0,2.0,0.0,,1,1,0,,,,0,,,,,,False,,,26.8,6,116.1,6,0.0,220.0,3,461.0,7,835.0,14,1486.0,26,1.241,1.986,915.6,True,2756.0
2025-11-19,1.0,97.7,1.0,0.0,0.0,72.0,work_steady,0,50.7,3.0,0.1,157.0,153.0,0.0,-35.5,685.0,686.0,0.0,0.0,5.0,0.0,0.0,0.0,1.0,0.0,25.3,2,2,1,high,,,0,,,,,,False,,,20.3,6,108.7,6,1.0,173.0,3,460.0,7,899.0,14,1491.0,26,1.234,1.986,913.4,True,2204.0
2025-11-20,1.0,80.1,1.0,0.0,0.0,54.0,easy,0,0.0,0.0,0.0,144.0,138.0,0.0,,,,0.0,0.0,4.0,0.0,0.0,0.0,1.0,0.0,,1,2,1,low,bike_family,0.69,3,60.2,38.3,1.5,high,1.611,True,9,1,20.4,6,159.4,6,1.0,175.0,3,452.0,7,960.0,14,1499.0,26,1.206,1.974,892.0,True,2391.0
2025-11-21,2.0,103.4,0.0,1.0,0.0,23.0,NA,0,,,,,,,,,,103.4,0.0,,0.0,1.0,0.0,2.0,0.0,,1,2,1,low,,,0,,,,,,False,,,18.0,6,126.5,6,1.0,206.0,3,453.0,7,986.0,14,1511.0,26,1.199,1.981,897.3,True,1894.0
2025-11-22,1.0,140.7,1.0,0.0,0.0,101.0,work_steady,0,27.4,2.0,0.0,154.0,151.0,1.0,4.1,166.0,172.0,0.0,0.0,5.0,1.0,0.0,0.0,1.0,0.0,8.3,0,1,0,,,,0,,,,,,False,,,18.0,6,126.5,6,1.0,149.0,3,449.0,7,886.0,14,1498.0,26,1.199,1.923,863.5,True,1894.0
2025-11-23,1.0,184.0,1.0,0.0,0.0,108.0,work_steady,0,25.7,2.0,1.2,159.0,151.0,0.0,-32.2,658.0,655.0,0.0,0.0,5.0,1.0,0.0,0.0,1.0,0.0,10.9,0,1,0,,run_family,0.623,3,76.5,18.2,5.4,high,4.5,False,,,15.4,6,113.4,6,2.0,178.0,3,423.0,7,946.0,14,1599.0,27,1.058,2.239,947.2,True,1205.0
2025-11-24,1.0,63.5,1.0,0.0,0.0,39.0,easy,0,0.0,0.0,0.0,145.0,136.0,0.0,4.4,112.0,112.0,0.0,0.0,4.0,0.0,0.0,0.0,1.0,0.0,12.1,0,0,0,,,,0,,,,,,False,,,12.9,6,125.1,6,2.0,232.0,3,461.0,7,923.0,14,1653.0,27,1.116,2.073,955.8,True,1513.0
2025-11-25,2.0,88.4,1.0,1.0,0.0,66.0,work_intense,1,24.4,5.0,14.9,168.0,166.0,0.0,4.6,,,27.3,0.0,5.0,0.0,0.0,0.0,2.0,0.0,,0,0,0,,,,0,,,,,,False,,,12.9,6,125.1,6,2.0,248.0,3,477.0,7,938.0,14,1595.0,27,1.196,2.345,1118.6,True,1625.0
2025-11-26,1.0,61.9,1.0,0.0,0.0,24.0,finish_strong,0,0.0,0.0,0.0,128.0,122.0,1.0,,,,0.0,0.0,5.0,0.0,0.0,0.0,1.0,0.0,,1,1,0,,,,0,,,,,,False,,,16.2,6,128.2,6,1.0,213.0,3,463.0,7,923.0,14,1647.0,27,1.124,2.308,1068.8,True,1625.0
2025-11-27,2.0,81.3,1.0,1.0,0.0,65.0,work_intense,1,19.0,1.0,3.2,168.0,162.0,0.0,9.7,,,19.5,0.0,6.0,0.0,0.0,0.0,2.0,0.0,,1,1,0,,,,0,,,,,,False,,,16.1,6,77.5,6,2.0,129.0,3,415.0,7,867.0,14,1624.0,27,1.022,1.854,769.3,True,939.0
2025-11-28,3.0,132.2,1.0,1.0,0.0,47.0,easy,0,0.0,0.0,0.9,160.0,132.0,0.0,-0.1,,,77.0,0.0,5.0,0.0,0.0,0.0,3.0,0.0,,2,2,1,high,,,0,,,,,,False,,,19.3,6,96.5,6,2.0,155.0,3,426.0,7,879.0,14,1681.0,27,1.014,1.905,811.4,True,939.0
2025-11-29,1.0,150.3,1.0,0.0,0.0,80.0,easy,0,4.0,1.0,0.0,150.0,139.0,0.0,-16.4,212.0,221.0,0.0,0.0,5.0,1.0,0.0,1.0,1.0,0.0,3.9,1,2,1,low,,,0,,,,,,False,,,20.2,7,96.5,7,2.0,136.0,3,450.0,7,899.0,14,1662.0,27,1.083,2.229,1003.0,True,939.0
2025-11-30,1.0,78.5,1.0,0.0,0.0,49.0,easy,0,0.0,0.0,0.0,141.0,136.0,0.0,3.8,232.0,232.0,0.0,0.0,5.0,0.0,0.0,0.0,1.0,0.0,18.9,1,2,1,low,,,0,,,,,,False,,,20.2,7,73.1,7,1.0,192.0,3,429.0,7,852.0,14,1742.0,28,0.985,2.375,1019.1,True,988.0
2025-12-01,2.0,82.9,1.0,1.0,0.0,34.0,easy,0,0.0,0.0,0.0,146.0,131.0,0.0,-1.4,,,22.9,0.0,4.0,0.0,0.0,0.0,2.0,0.0,,0,1,0,,,,0,,,,,,False,,,19.0,7,47.4,7,1.0,176.0,3,370.0,7,831.0,14,1695.0,28,0.873,3.03,1120.9,True,565.0
2025-12-02,2.0,118.4,1.0,1.0,0.0,41.0,easy,0,0.0,0.0,0.0,138.0,127.0,0.0,7.2,,,58.0,0.0,4.0,0.0,0.0,0.0,2.0,0.0,,0,1,0,,,,0,,,,,,False,,,19.0,7,47.4,7,1.0,163.0,3,365.0,7,842.0,14,1677.0,28,0.871,2.882,1052.1,True,453.0
2025-12-03,1.0,38.7,0.0,1.0,0.0,6.0,NA,0,,,,,,,,,,38.7,0.0,,0.0,0.0,0.0,1.0,0.0,,0,0,0,,,,0,,,,,,False,,,4.1,7,23.0,7,1.0,124.0,3,340.0,7,803.0,14,1702.0,28,0.799,2.782,945.9,True,453.0
2025-12-04,1.0,73.0,1.0,0.0,0.0,39.0,easy,0,0.0,0.0,0.0,137.0,133.0,0.0,,,,0.0,0.0,4.0,0.0,0.0,0.0,1.0,0.0,,0,0,0,,,,0,,,,,,False,,,4.1,6,23.0,6,0.0,81.0,3,322.0,7,737.0,14,1697.0,28,0.759,2.12,682.6,True,453.0
2025-12-05,1.0,85.8,0.0,1.0,0.0,18.0,NA,0,,,,,,,,,,85.8,0.0,,0.0,1.0,0.0,1.0,0.0,,0,0,0,,,,0,,,,,,False,,,0.9,6,4.0,6,0.0,86.0,3,296.0,7,722.0,14,1708.0,28,0.693,2.082,616.3,True,453.0
2025-12-06,1.0,148.8,1.0,0.0,0.0,83.0,work_moderate,0,6.7,2.0,0.0,155.0,142.0,0.0,25.5,168.0,196.0,0.0,0.0,4.0,0.0,0.0,0.0,1.0,0.0,3.1,0,0,0,,,,0,,,,,,False,,,0.0,5,4.0,5,0.0,63.0,3,267.0,7,717.0,14,1603.0,28,0.666,1.748,466.6,True,453.0
2025-12-07,1.0,147.3,1.0,0.0,0.0,69.0,easy,0,0.0,0.0,0.0,154.0,137.0,0.0,13.7,120.0,128.0,0.0,0.0,4.0,1.0,0.0,1.0,1.0,0.0,2.2,0,0,0,,,,0,,,,,,False,,,0.0,5,6.7,5,0.0,140.0,3,270.0,7,699.0,14,1645.0,28,0.657,1.702,459.6,True,428.0
2025-12-08,1.0,65.1,1.0,0.0,0.0,47.0,easy,0,0.0,0.0,0.0,148.0,143.0,0.0,6.9,221.0,229.0,0.0,0.0,5.0,0.0,0.0,0.0,1.0,0.0,22.0,0,0,0,,bike_family,0.796,2,94.6,5.4,0.0,moderate,17.519,False,,,0.0,5,6.7,5,0.0,170.0,3,290.0,7,660.0,14,1583.0,28,0.733,1.661,481.7,True,324.0
2025-12-09,1.0,74.0,0.0,1.0,0.0,18.0,NA,0,,,,,,,,,,74.0,0.0,,0.0,1.0,0.0,1.0,0.0,,0,0,0,,bike_family,0.673,2,94.6,5.4,0.0,moderate,17.519,False,,,0.0,5,6.7,5,0.0,199.0,3,303.0,7,668.0,14,1606.0,28,0.755,1.745,528.8,True,553.0
2025-12-10,2.0,62.9,1.0,0.0,0.0,32.0,easy,0,0.0,0.0,0.0,140.0,130.0,0.0,,,,0.0,0.0,3.0,0.0,0.0,0.0,2.0,0.0,,0,0,0,,bike_family,0.673,2,94.6,5.4,0.0,moderate,17.519,False,,,0.0,4,6.7,4,0.0,134.0,3,280.0,7,620.0,14,1543.0,28,0.726,1.517,424.9,True,553.0
2025-12-11,2.0,100.3,1.0,1.0,0.0,58.0,work_steady,0,20.6,3.0,0.0,161.0,158.0,1.0,11.5,,,34.4,0.0,5.0,0.0,0.0,0.0,2.0,0.0,,0,0,0,,bike_family,0.607,2,94.6,5.4,0.0,moderate,17.519,False,,,0.0,5,6.7,5,0.0,97.0,3,306.0,7,628.0,14,1495.0,28,0.819,1.908,583.8,True,553.0
2025-12-13,1.0,91.3,0.0,1.0,0.0,22.0,NA,0,,,,,,,,,,91.3,0.0,,0.0,1.0,0.0,1.0,0.0,,0,0,0,,bike_family,0.619,2,94.6,5.4,0.0,moderate,17.519,False,,,0.0,5,27.3,5,1.0,90.0,2,307.0,6,574.0,13,1473.0,27,0.834,1.624,498.5,True,553.0
2025-12-15,1.0,64.2,1.0,0.0,0.0,45.0,easy,0,0.0,0.0,0.0,151.0,145.0,0.0,-13.3,204.0,195.0,0.0,0.0,3.0,0.0,0.0,0.0,1.0,0.0,25.4,0,0,0,,run_family,0.737,2,82.9,17.1,0.0,moderate,4.848,False,,,0.0,3,20.6,3,1.0,22.0,1,177.0,5,467.0,12,1298.0,26,0.545,1.236,218.8,True,229.0
2025-12-16,2.0,107.0,1.0,1.0,0.0,42.0,easy,0,0.0,0.0,0.0,135.0,133.0,0.0,5.8,,,51.1,0.0,4.0,0.0,0.0,0.0,2.0,0.0,,0,0,0,,run_family,0.735,2,80.4,19.6,0.0,moderate,4.102,False,,,0.0,3,20.6,3,1.0,67.0,2,175.0,5,478.0,12,1320.0,26,0.53,1.24,217.0,True,195.0
2025-12-17,1.0,131.4,1.0,0.0,0.0,75.0,work_moderate,0,14.4,3.0,0.0,147.0,141.0,0.0,-30.7,766.0,748.0,0.0,0.0,4.0,0.0,0.0,0.0,1.0,0.0,23.4,0,0,0,,run_family,0.798,3,86.2,13.8,0.0,high,6.246,False,,,0.0,4,20.6,4,1.0,87.0,2,199.0,5,479.0,12,1282.0,26,0.621,1.372,273.1,True,195.0
2025-12-18,1.0,65.5,0.0,1.0,0.0,15.0,NA,0,,,,,,,,,,65.5,0.0,,0.0,0.0,0.0,1.0,0.0,,0,0,0,,,,0,,,,,,False,,,0.0,4,35.0,4,1.0,162.0,3,242.0,5,548.0,12,1285.0,26,0.753,1.307,316.4,True,943.0
2025-12-19,2.0,177.9,1.0,1.0,0.0,64.0,work_moderate,0,18.2,4.0,0.0,146.0,142.0,0.0,-34.8,619.0,596.0,74.4,0.0,4.0,0.0,0.0,0.0,2.0,0.0,23.1,0,0,0,,,,0,,,,,,False,,,0.0,3,14.4,3,0.0,132.0,3,199.0,5,524.0,12,1246.0,26,0.639,1.126,224.0,True,943.0
2025-12-20,1.0,67.8,1.0,0.0,0.0,48.0,easy,0,0.0,0.0,0.0,151.0,143.0,0.0,3.3,,,0.0,0.0,4.0,0.0,0.0,0.0,1.0,0.0,,0,0,0,,bike_family,0.659,2,88.4,11.6,0.0,moderate,7.621,False,,,0.0,4,32.6,4,0.0,154.0,3,263.0,6,570.0,12,1287.0,26,0.817,1.509,396.9,True,1539.0
2025-12-21,1.0,98.8,1.0,0.0,0.0,51.0,easy,0,3.1,1.0,0.0,149.0,141.0,0.0,-4.3,163.0,141.0,0.0,0.0,4.0,0.0,0.0,0.0,1.0,0.0,4.4,0,0,0,,,,0,,,,,,False,,,0.0,5,32.6,5,0.0,127.0,3,289.0,6,535.0,12,1234.0,26,0.937,1.704,492.6,True,1539.0
2025-12-22,1.0,117.1,0.0,1.0,0.0,16.0,NA,0,,,,,,,,,,117.1,0.0,,0.0,0.0,0.0,1.0,0.0,,0,0,0,,bike_family,0.64,3,89.8,10.2,0.0,high,8.804,False,,,0.0,6,35.7,6,0.0,163.0,3,340.0,7,517.0,12,1177.0,26,1.155,2.787,947.7,True,1680.0
2025-12-24,1.0,63.2,0.0,1.0,0.0,7.0,NA,0,,,,,,,,,,63.2,0.0,,0.0,0.0,0.0,1.0,0.0,,0,0,0,,bike_family,0.834,3,89.8,10.2,0.0,high,8.804,False,,,0.0,4,35.7,4,0.0,67.0,2,269.0,6,468.0,11,1088.0,25,0.989,1.472,396.0,True,1485.0
2025-12-28,1.0,101.2,1.0,0.0,0.0,64.0,easy,0,0.0,0.0,0.0,145.0,137.0,0.0,1.5,60.0,116.0,0.0,0.0,3.0,1.0,0.0,1.0,1.0,0.0,4.5,0,0,0,,bike_family,1.0,1,93.0,7.0,0.0,low,13.286,False,,,0.0,1,3.1,1,0.0,,0,74.0,3,363.0,9,879.0,22,0.337,0.607,44.9,True,141.0
2025-12-30,1.0,210.9,1.0,0.0,0.0,146.0,work_steady,0,54.9,6.0,0.6,162.0,150.0,0.0,-0.2,486.0,499.0,0.0,0.0,5.0,1.0,0.0,1.0,1.0,0.0,6.7,0,0,0,,run_family,1.0,1,99.6,0.4,0.0,low,99.6,False,,,0.0,1,0.0,1,0.0,64.0,1,71.0,2,382.0,9,860.0,21,0.33,,,True,116.0
2025-12-31,1.0,118.0,1.0,0.0,0.0,75.0,easy,0,4.0,1.0,0.0,154.0,145.0,0.0,-5.9,557.0,576.0,0.0,0.0,5.0,1.0,0.0,1.0,1.0,1.0,50.7,0,0,0,,bike_family,0.659,1,65.6,34.1,0.3,low,1.933,False,,,0.6,2,54.9,2,0.0,210.0,2,217.0,3,486.0,9,965.0,21,0.899,0.599,130.0,True,615.0
2026-01-08,1.0,52.3,0.0,1.0,0.0,6.0,NA,0,,,,,,,,,,52.3,0.0,,0.0,0.0,0.0,1.0,0.0,,0,0,0,,,,0,,,,,,False,,,,0,,0,,,0,,0,285.0,3,728.0,14,,,,True,
2026-01-09,1.0,35.6,1.0,0.0,0.0,17.0,easy,0,0.0,0.0,0.0,130.0,126.0,0.0,,,,0.0,0.0,4.0,0.0,0.0,0.0,1.0,0.0,,0,0,0,,,,0,,,,,,False,,,0.0,0,0.0,0,0.0,6.0,1,6.0,1,291.0,4,676.0,14,0.036,,,True,0.0
2026-01-11,1.0,31.1,1.0,0.0,0.0,22.0,easy,0,0.0,0.0,0.0,148.0,144.0,0.0,3.2,1.0,5.0,0.0,0.0,5.0,0.0,0.0,0.0,1.0,0.0,0.3,0,0,0,,elliptical_family,1.0,1,100.0,0.0,0.0,low,100.0,False,,,0.0,1,0.0,1,0.0,23.0,2,23.0,2,308.0,5,671.0,14,0.137,,,True,0.0
2026-01-12,1.0,60.0,0.0,1.0,0.0,4.0,NA,0,,,,,,,,,,60.0,0.0,,0.0,0.0,0.0,1.0,0.0,,0,0,0,,,,0,,,,,,False,,,0.0,2,0.0,2,0.0,39.0,2,45.0,3,266.0,5,693.0,15,0.26,0.746,33.6,True,5.0
2026-01-13,2.0,97.8,1.0,1.0,0.0,27.0,easy,0,0.0,0.0,0.0,131.0,128.0,0.0,,,,56.4,0.0,5.0,0.0,0.0,0.0,2.0,0.0,,0,0,0,,,,0,,,,,,False,,,0.0,2,0.0,2,0.0,26.0,2,49.0,4,270.0,6,652.0,15,0.301,0.844,41.3,True,5.0
2026-01-14,2.0,133.2,1.0,1.0,0.0,53.0,easy,0,0.0,0.0,0.0,147.0,141.0,0.0,-31.8,431.0,432.0,54.8,0.0,4.0,0.0,0.0,0.0,2.0,0.0,76.7,0,0,0,,elliptical_family,0.71,2,100.0,0.0,0.0,low,100.0,False,,,0.0,3,0.0,3,0.0,53.0,3,76.0,5,151.0,6,637.0,15,0.477,1.064,80.9,True,5.0
2026-01-15,1.0,67.6,0.0,1.0,0.0,11.0,NA,0,,,,,,,,,,67.6,0.0,,0.0,0.0,0.0,0.0,0.0,,0,0,0,,,,0,,,,,,False,,,0.0,4,0.0,4,0.0,84.0,3,129.0,6,129.0,6,615.0,15,0.839,1.094,141.1,True,437.0
2026-01-16,1.0,91.2,0.0,1.0,0.0,18.0,NA,0,,,,,,,,,,91.2,0.0,,0.0,1.0,0.0,0.0,0.0,,0,0,0,,,,0,,,,,,False,,,0.0,4,0.0,4,0.0,91.0,3,134.0,6,140.0,7,611.0,15,0.877,1.167,156.4,True,437.0
2026-01-18,1.0,45.5,1.0,0.0,0.0,30.0,easy,0,3.1,1.0,0.0,160.0,150.0,0.0,,,,0.0,0.0,4.0,0.0,0.0,0.0,1.0,0.0,,0,0,0,,run_family,0.728,2,96.9,3.1,0.0,moderate,31.258,False,,,0.0,3,0.0,3,0.0,29.0,2,135.0,6,158.0,8,517.0,14,1.044,1.177,158.9,True,437.0
2026-01-19,2.0,71.5,1.0,0.0,0.0,57.0,work_moderate,0,28.2,3.0,0.0,158.0,155.0,1.0,,,,0.0,0.0,,0.0,0.0,0.0,0.0,0.0,,0,0,0,,,,0,,,,,,False,,,0.0,3,3.1,3,0.0,48.0,2,143.0,6,188.0,9,496.0,14,1.153,1.215,173.8,True,432.0
2026-01-20,2.0,139.7,1.0,1.0,0.0,62.0,work_steady,0,24.3,3.0,0.0,151.0,148.0,0.0,13.3,,,79.7,0.0,5.0,0.0,1.0,0.0,1.0,0.0,,0,0,0,,,,0,,,,,,False,,,0.0,4,31.3,4,1.0,87.0,2,196.0,6,245.0,10,537.0,14,1.46,1.441,282.4,True,432.0
2026-01-22,2.0,153.8,1.0,1.0,0.0,83.0,work_steady,0,23.7,3.0,0.8,166.0,156.0,0.0,-0.9,406.0,417.0,83.7,0.0,5.0,0.0,1.0,0.0,2.0,1.0,63.1,0,0,0,,,,0,,,,,,False,,,0.0,3,55.6,3,1.0,119.0,2,178.0,5,307.0,11,592.0,14,1.203,1.076,191.5,True,0.0
2026-01-23,1.0,45.5,1.0,0.0,0.0,28.0,finish_strong,0,0.0,0.0,0.0,141.0,136.0,1.0,,,,0.0,0.0,3.0,0.0,0.0,0.0,1.0,0.0,,0,0,0,,,,0,,,,,,False,,,0.8,4,79.3,4,1.0,145.0,2,250.0,5,384.0,11,675.0,15,1.481,1.193,298.2,True,417.0
2026-01-24,1.0,105.7,0.0,1.0,0.0,22.0,NA,0,,,,,,,,,,105.7,0.0,,0.0,1.0,0.0,0.0,0.0,,0,0,0,,,,0,,,,,,False,,,0.8,5,79.3,5,2.0,111.0,2,260.0,5,395.0,11,703.0,16,1.479,1.268,329.6,True,417.0
2026-01-25,1.0,138.6,1.0,0.0,0.0,87.0,work_steady,0,21.7,4.0,2.0,166.0,149.0,1.0,37.0,620.0,151.0,0.0,0.0,4.0,1.0,0.0,0.0,1.0,1.0,12.7,0,0,0,,,,0,,,,,,False,,,0.8,5,79.3,5,2.0,133.0,3,282.0,6,417.0,12,725.0,17,1.556,1.54,434.3,True,417.0
2026-01-26,1.0,77.8,1.0,0.0,0.0,63.0,work_steady,0,26.1,5.0,0.0,159.0,156.0,0.0,-5.4,456.0,472.0,0.0,0.0,4.0,0.0,0.0,0.0,1.0,1.0,64.2,0,0,0,,,,0,,,,,,False,,,2.8,5,97.9,5,3.0,137.0,3,339.0,6,482.0,12,748.0,17,1.813,1.601,542.9,True,568.0
2026-01-27,2.0,112.8,1.0,1.0,0.0,39.0,easy,0,0.0,0.0,0.0,140.0,132.0,0.0,-2.9,,,52.4,0.0,4.0,0.0,0.0,0.0,1.0,0.0,,0,0,0,,,,0,,,,,,False,,,2.8,5,95.8,5,2.0,172.0,3,345.0,6,541.0,12,811.0,18,1.702,1.613,556.5,True,1040.0
2026-01-28,2.0,144.7,1.0,1.0,0.0,69.0,easy,0,0.0,0.0,0.0,146.0,142.0,0.0,14.1,,,68.7,0.0,5.0,1.0,0.0,0.0,1.0,1.0,,0,0,0,,,,0,,,,,,False,,,2.8,5,71.5,5,2.0,189.0,3,322.0,6,553.0,12,704.0,18,1.83,1.521,489.7,True,1040.0
2026-01-29,2.0,161.1,1.0,1.0,0.0,66.0,easy,0,0.0,0.0,0.0,149.0,131.0,0.0,-0.9,133.0,119.0,33.6,0.0,4.0,1.0,0.0,0.0,1.0,1.0,3.1,0,0,0,,,,0,,,,,,False,,,2.8,6,71.5,6,2.0,171.0,3,391.0,7,569.0,12,698.0,18,2.241,2.298,898.4,True,1040.0
2026-01-30,2.0,122.2,1.0,1.0,0.0,63.0,easy,0,0.0,0.0,0.0,146.0,134.0,0.0,4.4,17.0,21.0,58.7,0.0,4.0,0.0,1.0,0.0,1.0,0.0,2.1,0,0,0,,,,0,,,,,,False,,,2.0,6,47.8,6,2.0,174.0,3,374.0,7,624.0,12,764.0,19,1.958,2.403,898.6,True,742.0
2026-02-01,1.0,60.0,1.0,0.0,0.0,50.0,work_intense,1,16.9,4.0,10.7,169.0,166.0,0.0,,,,0.0,0.0,5.0,0.0,0.0,0.0,1.0,0.0,,0,0,0,,,,0,,,,,,False,,,2.0,6,47.8,6,1.0,129.0,2,387.0,6,669.0,12,827.0,20,1.872,2.122,821.4,True,763.0
2026-02-02,2.0,141.9,1.0,0.0,1.0,84.0,work_steady,0,37.7,2.0,0.0,153.0,151.0,1.0,,,,0.0,67.7,5.0,0.0,0.0,0.0,2.0,0.0,,1,1,0,,,,0,,,,,,False,,,10.7,6,43.0,6,0.0,113.0,2,350.0,6,689.0,12,877.0,21,1.596,2.212,774.3,True,612.0
2026-02-03,2.0,179.2,1.0,1.0,0.0,71.0,easy,0,0.0,0.0,0.0,146.0,133.0,0.0,8.3,188.0,246.0,51.2,0.0,5.0,1.0,0.0,1.0,1.0,0.0,4.3,1,1,0,,,,0,,,,,,False,,,10.7,6,54.6,6,1.0,134.0,2,371.0,6,716.0,12,961.0,22,1.544,2.09,775.5,True,140.0
2026-02-04,1.0,93.6,1.0,0.0,0.0,83.0,work_steady,0,36.4,5.0,4.6,168.0,162.0,0.0,2.9,,,0.0,0.0,5.0,1.0,0.0,0.0,1.0,0.0,,1,1,0,,,,0,,,,,,False,,,10.7,6,54.6,6,1.0,205.0,3,403.0,6,725.0,12,1032.0,23,1.562,2.275,916.9,True,386.0
2026-02-05,2.0,96.6,1.0,1.0,0.0,42.0,work_moderate,0,8.7,2.0,6.9,182.0,182.0,0.0,-13.8,,,55.3,0.0,5.0,0.0,0.0,0.0,1.0,0.0,,0,1,0,,,,0,,,,,,False,,,15.3,6,91.0,6,1.0,238.0,3,417.0,6,808.0,13,1115.0,24,1.496,2.236,932.3,True,386.0
2026-02-06,2.0,186.2,1.0,1.0,0.0,85.0,easy,0,4.0,1.0,0.0,145.0,136.0,0.0,0.6,142.0,183.0,63.6,0.0,4.0,1.0,1.0,1.0,1.0,0.0,3.3,0,1,0,,,,0,,,,,,False,,,22.2,6,99.7,6,1.0,196.0,3,393.0,6,767.0,13,1151.0,24,1.366,2.069,813.1,True,267.0
2026-02-07,1.0,77.5,1.0,0.0,0.0,64.0,work_moderate,0,14.5,4.0,4.5,182.0,165.0,0.0,12.6,458.0,475.0,0.0,0.0,5.0,0.0,0.0,0.0,1.0,0.0,65.2,0,0,0,,,,0,,,,,,False,,,22.2,6,103.7,6,1.0,210.0,3,415.0,6,824.0,13,1219.0,24,1.362,2.047,849.5,True,429.0
2026-02-08,1.0,149.2,1.0,0.0,0.0,53.0,easy,0,0.0,0.0,0.0,133.0,125.0,0.0,19.0,196.0,222.0,0.0,0.0,5.0,0.0,0.0,0.0,1.0,0.0,3.8,0,0,0,,,,0,,,,,,False,,,26.7,7,118.2,7,1.0,191.0,3,479.0,7,866.0,13,1283.0,25,1.493,4.275,2047.6,True,904.0
2026-02-09,2.0,93.3,1.0,1.0,0.0,29.0,easy,0,0.0,0.0,0.0,130.0,126.0,0.0,-5.5,,,61.4,0.0,4.0,0.0,0.0,0.0,1.0,0.0,,0,0,0,,bike_family,0.612,3,99.0,1.0,0.0,high,99.0,False,,,16.0,7,101.3,7,1.0,202.0,3,482.0,7,832.0,13,1314.0,25,1.467,4.43,2135.5,True,1126.0
2026-02-10,2.0,137.6,1.0,1.0,0.0,80.0,work_moderate,0,17.9,2.0,0.2,162.0,158.0,0.0,19.9,340.0,341.0,67.4,0.0,5.0,0.0,1.0,0.0,1.0,0.0,43.3,0,0,0,,bike_family,0.695,3,99.0,1.0,0.0,high,99.0,False,,,16.0,7,63.6,7,0.0,146.0,3,427.0,7,798.0,13,1339.0,25,1.276,3.154,1346.9,True,1126.0
2026-02-11,2.0,195.0,1.0,1.0,0.0,85.0,finish_strong,0,0.0,0.0,0.0,153.0,140.0,1.0,6.2,164.0,141.0,57.0,0.0,5.0,1.0,0.0,1.0,2.0,0.0,3.8,0,0,0,,,,0,,,,,,False,,,16.2,7,81.5,7,0.0,162.0,3,436.0,7,839.0,13,1392.0,25,1.253,3.077,1341.8,True,1221.0
2026-02-12,1.0,70.4,0.0,1.0,0.0,13.0,NA,0,,,,,,,,,,70.4,0.0,,0.0,0.0,0.0,0.0,0.0,,0,0,0,,bike_family,0.724,3,97.3,2.7,0.0,high,36.037,False,,,11.6,7,45.1,7,1.0,194.0,3,438.0,7,855.0,13,1424.0,25,1.23,3.046,1334.2,True,1362.0
2026-02-13,1.0,60.3,1.0,0.0,0.0,48.0,work_steady,0,24.2,4.0,0.0,152.0,150.0,0.0,12.6,,,0.0,0.0,5.0,0.0,0.0,0.0,1.0,1.0,,0,0,0,,bike_family,0.724,3,97.3,2.7,0.0,high,36.037,False,,,4.7,6,36.4,6,1.0,178.0,3,409.0,7,802.0,13,1426.0,25,1.147,2.216,906.2,True,1362.0
2026-02-17,1.0,70.2,1.0,0.0,0.0,62.0,work_moderate,0,18.3,3.0,0.9,166.0,159.0,0.0,0.6,422.0,425.0,0.0,0.0,4.0,0.0,0.0,0.0,1.0,1.0,60.0,0,0,0,,,,0,,,,,,False,,,0.2,3,42.1,3,1.0,,0,226.0,4,653.0,11,1369.0,23,0.66,0.911,205.8,True,482.0
2026-02-18,2.0,199.2,1.0,1.0,0.0,92.0,work_moderate,0,17.7,2.0,0.0,153.0,143.0,0.0,13.5,350.0,358.0,57.4,0.0,5.0,1.0,0.0,0.0,1.0,1.0,7.1,0,0,0,,,,0,,,,,,False,,,0.9,3,42.5,3,1.0,62.0,1,208.0,4,644.0,11,1369.0,23,0.608,0.916,190.6,True,566.0
2026-02-19,2.0,117.3,1.0,1.0,0.0,66.0,work_moderate,0,15.7,4.0,0.4,164.0,152.0,0.0,-11.7,434.0,444.0,39.8,0.0,5.0,0.0,0.0,0.0,1.0,1.0,54.1,0,0,0,,,,0,,,,,,False,,,0.9,3,60.2,3,0.0,154.0,2,215.0,4,653.0,11,1461.0,24,0.589,0.899,193.2,True,783.0
2026-02-20,1.0,49.2,0.0,1.0,0.0,10.0,NA,0,,,,,,,,,,49.2,0.0,,0.0,0.0,0.0,0.0,0.0,,0,0,0,,,,0,,,,,,False,,,1.3,4,75.9,4,0.0,220.0,3,268.0,4,677.0,11,1444.0,24,0.742,1.086,290.9,True,1227.0
2026-02-21,1.0,62.2,1.0,0.0,0.0,41.0,easy,0,0.0,0.0,0.0,146.0,140.0,0.0,-3.3,109.0,115.0,0.0,0.0,4.0,0.0,0.0,0.0,1.0,1.0,12.9,0,0,0,,,,0,,,,,,False,,,1.3,3,51.7,3,0.0,168.0,3,230.0,4,602.0,11,1426.0,24,0.645,0.906,208.4,True,1227.0
2026-02-22,1.0,62.7,1.0,0.0,0.0,58.0,work_intense,1,20.1,2.0,3.3,170.0,162.0,1.0,13.0,102.0,107.0,0.0,0.0,5.0,0.0,0.0,0.0,1.0,1.0,11.3,0,0,0,,run_family,0.605,3,75.4,24.0,0.6,high,3.167,False,,,1.3,4,51.7,4,0.0,117.0,3,271.0,5,579.0,11,1445.0,24,0.75,1.149,311.3,True,1342.0
2026-02-24,2.0,165.7,1.0,1.0,0.0,90.0,work_steady,0,56.4,4.0,1.0,158.0,154.0,0.0,-26.3,655.0,752.0,63.9,0.0,5.0,1.0,0.0,0.0,1.0,1.0,22.0,1,1,0,,run_family,0.665,4,72.0,26.3,1.7,high,2.802,False,,,4.6,5,71.8,5,1.0,99.0,2,329.0,6,555.0,10,1353.0,23,0.973,1.561,513.6,True,1449.0
2026-02-25,2.0,140.7,1.0,1.0,0.0,103.0,work_intense,1,43.4,4.0,15.2,170.0,165.0,0.0,-3.7,474.0,478.0,60.0,0.0,5.0,0.0,0.0,0.0,1.0,2.0,57.7,1,1,0,,,,0,,,,,,False,,,4.7,5,109.9,5,1.0,148.0,2,357.0,6,565.0,10,1404.0,23,1.017,1.522,543.4,True,1776.0
2026-02-26,1.0,58.7,1.0,0.0,0.0,28.0,easy,0,0.0,0.0,,132.0,,0.0,,,,0.0,0.0,5.0,0.0,0.0,0.0,1.0,1.0,,1,2,1,low,run_family,0.738,4,66.3,27.0,6.7,high,2.704,False,,,19.9,5,135.6,5,1.0,193.0,2,368.0,6,583.0,10,1438.0,23,1.024,1.477,543.7,True,1896.0
2026-02-28,1.0,61.5,1.0,0.0,0.0,55.0,work_intense,1,22.7,3.0,3.5,168.0,162.0,1.0,10.3,148.0,158.0,0.0,0.0,5.0,0.0,0.0,0.0,1.0,1.0,17.0,1,1,0,,run_family,0.672,3,65.0,25.9,9.0,high,2.857,False,,,19.5,4,119.9,5,1.0,131.0,2,320.0,5,550.0,9,1337.0,22,0.957,1.215,388.8,True,1452.0
2026-03-01,1.0,67.7,1.0,0.0,0.0,58.0,work_moderate,0,19.8,4.0,0.4,163.0,158.0,0.0,3.5,214.0,201.0,0.0,0.0,6.0,0.0,0.0,0.0,1.0,1.0,25.5,1,2,1,low,run_family,0.671,3,52.3,36.8,10.9,high,1.717,False,,,23.0,4,142.6,5,2.0,83.0,2,334.0,5,605.0,10,1392.0,23,0.96,1.266,422.8,True,1495.0
2026-03-02,1.0,51.5,0.0,1.0,0.0,3.0,NA,0,,,,,,,,,,51.5,0.0,,0.0,0.0,0.0,0.0,0.0,,1,2,1,low,run_family,0.674,3,52.0,38.6,9.4,high,1.591,True,10,2,20.1,4,142.3,5,1.0,113.0,2,334.0,5,663.0,11,1400.0,23,0.954,1.266,422.8,True,1589.0
2026-03-04,2.0,161.4,1.0,1.0,0.0,100.0,work_steady,0,55.7,4.0,0.5,157.0,152.0,0.0,-19.0,817.0,870.0,36.1,0.0,5.0,1.0,0.0,0.0,1.0,1.0,21.9,0,1,0,,run_family,1.0,3,52.0,38.6,9.4,high,1.591,True,10,2,19.1,3,85.9,4,1.0,61.0,2,247.0,5,604.0,11,1248.0,22,0.792,0.98,242.1,True,837.0
2026-03-05,1.0,88.7,1.0,0.0,0.0,75.0,work_steady,0,39.1,4.0,0.0,156.0,152.0,0.0,6.8,,,0.0,0.0,6.0,0.0,0.0,0.0,1.0,1.0,,0,1,0,,,,0,,,,,,False,,,4.4,3,98.2,4,1.0,103.0,2,244.0,5,612.0,11,1265.0,22,0.772,0.99,241.6,True,1229.0
2026-03-06,1.0,24.9,0.0,1.0,0.0,2.0,NA,0,,,,,,,,,,24.9,0.0,,0.0,0.0,0.0,0.0,0.0,,0,0,0,,run_family,0.634,3,58.6,39.5,1.9,high,1.532,True,11,4,4.4,4,137.3,4,1.0,175.0,2,291.0,5,621.0,11,1298.0,22,0.897,1.104,321.3,True,1229.0
2026-03-07,1.0,100.3,1.0,0.0,0.0,86.0,work_intense,1,28.4,5.0,4.2,177.0,160.0,0.0,10.6,329.0,332.0,0.0,0.0,5.0,0.0,0.0,0.0,1.0,1.0,26.9,0,0,0,,run_family,0.634,3,58.6,39.5,1.9,high,1.532,True,11,4,4.4,4,137.3,4,1.0,177.0,3,293.0,6,613.0,11,1215.0,22,0.965,1.121,328.4,True,1229.0
2026-03-08,1.0,99.3,1.0,0.0,0.0,78.0,work_steady,0,22.2,4.0,0.7,166.0,154.0,0.0,-6.0,340.0,349.0,0.0,0.0,5.0,0.0,0.0,0.0,1.0,1.0,28.6,1,1,0,,run_family,0.671,3,62.2,36.0,1.9,high,1.781,True,11,4,5.1,4,143.0,4,0.0,163.0,3,324.0,6,658.0,11,1237.0,22,1.048,1.147,371.6,True,1403.0
2026-03-09,1.0,129.9,1.0,0.0,0.0,64.0,work_moderate,0,7.2,1.0,0.0,155.0,144.0,0.0,36.4,409.0,428.0,0.0,0.0,4.0,0.0,0.0,0.0,1.0,1.0,9.1,1,1,0,,run_family,0.698,3,66.2,32.0,1.7,high,2.122,True,11,4,5.4,4,145.4,4,0.0,166.0,3,344.0,6,678.0,11,1262.0,22,1.09,1.177,404.7,True,1551.0
2026-03-10,2.0,138.1,1.0,1.0,0.0,65.0,work_steady,0,23.2,2.0,0.9,163.0,157.0,0.0,1.5,285.0,296.0,69.5,0.0,5.0,0.0,0.0,0.0,1.0,1.0,35.1,1,1,0,,,,0,,,,,,False,,,5.4,5,152.6,5,0.0,228.0,3,405.0,6,742.0,12,1297.0,22,1.249,1.548,627.1,True,1979.0
2026-03-11,2.0,171.5,1.0,1.0,0.0,64.0,easy,0,0.0,0.0,0.0,143.0,132.1,0.0,10.1,146.0,151.0,52.7,0.0,3.0,0.0,0.0,0.0,1.0,2.0,3.3,0,1,0,,,,0,,,,,,False,,,6.3,6,175.8,6,0.0,207.0,3,470.0,7,717.0,12,1282.0,22,1.466,2.318,1089.5,True,2275.0
2026-03-12,2.0,97.4,1.0,1.0,0.0,29.0,easy,0,0.0,0.0,0.0,131.0,123.0,0.0,-10.8,,,37.8,0.0,5.0,0.0,0.0,0.0,1.0,1.0,,0,1,0,,,,0,,,,,,False,,,5.8,6,120.1,6,0.0,193.0,3,434.0,7,678.0,12,1261.0,22,1.377,2.414,1047.6,True,1556.0
2026-03-13,1.0,138.0,1.0,0.0,0.0,99.0,work_steady,0,57.9,3.0,4.2,169.0,151.0,0.0,-3.2,797.0,809.0,0.0,0.0,5.0,1.0,0.0,0.0,1.0,1.0,19.9,0,0,0,,,,0,,,,,,False,,,5.8,6,81.0,6,0.0,158.0,3,388.0,7,679.0,12,1277.0,22,1.215,2.027,786.4,True,1556.0
2026-03-14,1.0,92.1,1.0,0.0,0.0,84.0,work_intense,1,40.0,5.0,9.2,169.0,167.0,0.0,-19.8,,,0.0,0.0,6.0,0.0,0.0,0.0,1.0,1.0,,0,0,0,,,,0,,,,,,False,,,10.0,7,138.9,7,0.0,192.0,3,485.0,7,778.0,13,1328.0,22,1.461,3.383,1641.0,True,2365.0
2026-03-15,1.0,133.7,1.0,0.0,0.0,63.0,easy,0,0.0,0.0,0.0,144.0,131.0,0.0,-8.3,213.0,204.0,0.0,0.0,4.0,1.0,0.0,1.0,1.0,0.0,4.1,1,1,0,,,,0,,,,,,False,,,15.0,7,150.5,7,0.0,212.0,3,483.0,7,807.0,13,1412.0,23,1.368,3.406,1645.3,True,2033.0
2026-03-16,1.0,38.3,0.0,1.0,0.0,8.0,NA,0,,,,,,,,,,38.3,0.0,,0.0,0.0,0.0,1.0,1.0,,1,1,0,,bike_family,0.766,4,84.9,14.3,0.8,high,5.993,False,,,14.3,7,128.3,7,0.0,246.0,3,468.0,7,812.0,13,1475.0,24,1.269,3.346,1565.9,True,1888.0
2026-03-17,2.0,160.0,1.0,0.0,1.0,94.0,work_steady,0,27.2,3.0,3.7,168.0,161.0,0.0,-30.1,441.0,431.0,0.0,60.0,5.0,1.0,0.0,0.0,1.0,1.0,38.7,1,1,0,,bike_family,0.71,3,82.5,16.4,1.1,high,5.098,False,,,14.3,6,121.1,6,0.0,155.0,3,412.0,7,817.0,13,1483.0,25,1.111,2.044,842.2,True,1460.0
2026-03-18,1.0,128.9,1.0,0.0,0.0,77.0,work_moderate,0,12.9,3.0,0.0,150.0,141.0,0.0,-4.4,498.0,515.0,0.0,0.0,5.0,0.0,0.0,0.0,1.0,1.0,11.6,0,1,0,,bike_family,0.671,3,82.5,16.4,1.1,high,5.098,False,,,17.1,6,125.1,6,0.0,165.0,3,441.0,7,911.0,14,1515.0,25,1.164,2.01,886.2,True,1595.0
2026-03-19,3.0,145.6,1.0,0.0,1.0,86.0,work_moderate,0,18.6,3.0,0.5,165.0,156.0,0.0,4.4,32.0,20.0,0.0,59.6,4.0,0.0,0.0,0.0,1.0,1.0,2.5,0,1,0,,bike_family,0.676,3,80.1,18.7,1.1,high,4.342,False,,,17.1,6,138.0,6,0.0,179.0,3,454.0,7,888.0,14,1500.0,25,1.211,2.044,927.8,True,1959.0
2026-03-20,1.0,40.4,0.0,1.0,0.0,14.0,NA,0,,,,,,,,,,40.4,0.0,,0.0,1.0,0.0,0.0,0.0,,0,0,0,,,,0,,,,,,False,,,17.6,6,156.6,6,0.0,257.0,3,511.0,7,899.0,14,1520.0,25,1.345,2.547,1301.8,True,1979.0
2026-03-21,1.0,258.8,1.0,0.0,0.0,130.0,easy,0,0.0,0.0,0.0,149.0,136.0,0.0,19.6,277.0,260.0,0.0,0.0,5.0,1.0,0.0,1.0,1.0,1.0,2.9,0,0,0,,,,0,,,,,,False,,,13.4,5,98.7,5,0.0,177.0,3,426.0,7,911.0,14,1524.0,25,1.118,1.857,790.9,True,1170.0
2026-03-22,1.0,75.5,1.0,0.0,0.0,63.0,work_moderate,0,17.1,3.0,1.1,164.0,157.0,0.0,-2.8,291.0,293.0,0.0,0.0,5.0,0.0,0.0,0.0,1.0,1.0,28.9,0,0,0,,bike_family,0.734,3,96.7,3.3,0.0,high,29.303,False,,,4.2,5,58.7,5,0.0,230.0,3,472.0,7,955.0,14,1613.0,25,1.17,1.666,786.5,True,1430.0
2026-03-23,2.0,55.7,0.0,0.0,1.0,7.0,NA,0,,,,,,,,,,0.0,40.7,,0.0,0.0,0.0,0.0,0.0,,0,0,0,,,,0,,,,,,False,,,5.3,5,75.8,5,0.0,207.0,3,472.0,7,940.0,14,1618.0,25,1.167,1.666,786.5,True,1519.0
2026-03-24,2.0,105.0,1.0,1.0,0.0,56.0,work_intense,1,23.7,5.0,15.5,171.0,169.0,1.0,11.5,,,48.7,0.0,7.0,0.0,0.0,0.0,1.0,1.0,,0,0,0,,,,0,,,,,,False,,,5.3,5,75.8,5,0.0,200.0,3,471.0,7,883.0,14,1625.0,26,1.159,1.654,779.1,True,1519.0
2026-03-25,2.0,179.8,1.0,0.0,1.0,75.0,easy,0,0.0,0.0,0.0,149.0,132.0,0.0,14.4,181.0,244.0,0.0,42.1,4.0,1.0,0.0,1.0,1.0,1.0,3.6,1,1,0,,bike_family,0.638,2,95.9,4.1,0.0,moderate,23.39,False,,,17.1,5,72.3,5,1.0,126.0,3,433.0,7,874.0,14,1591.0,26,1.089,1.575,682.2,True,1088.0
2026-03-26,1.0,64.5,1.0,0.0,0.0,82.0,work_intense,1,57.7,4.0,13.8,171.0,167.0,0.0,4.0,341.0,341.0,0.0,0.0,5.0,0.0,0.0,0.0,1.0,1.0,35.3,1,1,0,,bike_family,0.642,2,98.5,1.5,0.0,moderate,65.667,False,,,17.1,5,59.4,5,1.0,138.0,3,431.0,7,885.0,14,1563.0,26,1.103,1.572,677.7,True,817.0
2026-03-27,1.0,71.7,0.0,1.0,0.0,19.0,NA,0,,,,,,,,,,71.7,0.0,,0.0,0.0,0.0,0.0,0.0,,2,2,1,high,bike_family,0.666,2,98.5,1.5,0.0,moderate,65.667,False,,,30.4,5,98.5,5,1.0,213.0,3,427.0,7,938.0,14,1617.0,26,1.056,1.571,670.9,True,1138.0
2026-03-29,1.0,70.5,1.0,0.0,0.0,56.0,easy,0,3.1,1.0,0.0,159.0,147.0,0.0,-0.7,59.0,73.0,0.0,0.0,4.0,0.0,0.0,0.0,1.0,1.0,5.5,1,2,1,low,,,0,,,,,,False,,,30.4,4,98.5,4,1.0,101.0,2,302.0,6,774.0,13,1581.0,26,0.764,1.381,417.0,True,878.0
2026-03-30,1.0,77.6,1.0,0.0,0.0,57.0,easy,0,0.0,0.0,0.0,156.0,144.0,0.0,-1.1,141.0,141.0,0.0,0.0,5.0,0.0,0.0,0.0,1.0,0.0,11.9,0,1,0,,,,0,,,,,,False,,,29.3,4,84.5,4,1.0,75.0,2,295.0,6,767.0,13,1579.0,26,0.747,1.373,404.9,True,658.0
2026-04-02,1.0,70.2,0.0,1.0,0.0,17.0,NA,0,,,,,,,,,,70.2,0.0,,0.0,0.0,0.0,0.0,0.0,,0,0,0,,run_family,1.0,3,68.7,24.7,6.5,high,3.045,False,,,13.8,3,60.8,3,0.0,57.0,1,214.0,4,645.0,11,1533.0,25,0.558,0.972,208.0,True,555.0
2026-04-03,1.0,132.6,1.0,0.0,0.0,117.0,work_intense,1,66.9,6.0,19.4,170.0,161.0,0.0,-1.1,843.0,836.0,0.0,0.0,5.0,1.0,0.0,0.0,1.0,1.0,21.0,0,0,0,,run_family,1.0,2,92.2,7.8,0.0,moderate,11.821,False,,,0.0,2,3.1,2,0.0,17.0,1,149.0,4,576.0,11,1475.0,25,0.404,0.906,135.0,True,214.0
2026-04-05,1.0,160.5,1.0,0.0,0.0,98.0,work_steady,0,33.8,5.0,0.0,156.0,149.0,0.0,-30.3,816.0,825.0,0.0,0.0,5.0,1.0,0.0,0.0,1.0,1.0,16.0,1,1,0,,,,0,,,,,,False,,,19.4,3,70.0,3,0.0,134.0,2,247.0,4,549.0,10,1504.0,24,0.657,0.865,213.7,True,1050.0
2026-04-06,1.0,81.8,1.0,0.0,0.0,71.0,work_intense,1,22.5,4.0,7.9,180.0,167.0,0.0,15.1,262.0,262.0,0.0,0.0,6.0,0.0,0.0,0.0,1.0,1.0,24.6,1,1,0,,bike_family,0.781,2,61.5,31.5,7.0,moderate,2.175,True,12,3,19.4,3,100.7,3,0.0,215.0,2,289.0,4,584.0,10,1524.0,24,0.759,0.895,258.6,True,1802.0
2026-04-07,1.0,41.8,1.0,0.0,0.0,18.0,easy,0,0.0,0.0,0.0,132.0,125.0,0.0,-2.0,,,0.0,0.0,5.0,0.0,0.0,0.0,1.0,1.0,,1,2,1,low,bike_family,0.774,2,61.5,31.5,7.0,moderate,2.175,True,12,3,27.3,3,123.2,3,0.0,169.0,2,303.0,4,648.0,10,1531.0,24,0.792,0.92,278.7,True,1923.0
2026-04-08,1.0,123.1,1.0,0.0,0.0,61.0,easy,0,0.0,0.0,0.0,140.0,138.0,0.0,-6.9,879.0,870.0,0.0,0.0,4.0,0.0,0.0,0.0,1.0,1.0,25.8,1,2,1,low,bike_family,0.774,2,61.5,31.5,7.0,moderate,2.175,True,12,3,27.3,4,123.2,4,0.0,187.0,3,321.0,5,610.0,10,1484.0,24,0.865,1.017,326.5,True,1923.0
2026-04-09,1.0,90.1,1.0,0.0,0.0,73.0,work_intense,1,13.5,1.0,4.7,172.0,163.0,0.0,5.3,40.0,30.0,0.0,0.0,4.0,0.0,0.0,0.0,1.0,1.0,3.0,1,1,0,,bike_family,0.831,3,73.1,22.0,4.9,high,3.545,False,,,27.3,5,123.2,5,0.0,150.0,3,382.0,6,596.0,10,1481.0,24,1.032,1.328,507.3,True,2793.0
2026-04-10,1.0,65.4,0.0,1.0,0.0,10.0,NA,0,,,,,,,,,,65.4,0.0,,0.0,0.0,0.0,0.0,0.0,,1,2,1,low,bike_family,0.7,3,73.1,22.0,4.9,high,3.545,False,,,32.0,6,136.7,6,0.0,152.0,3,438.0,6,587.0,10,1525.0,24,1.149,1.631,714.4,True,2823.0
2026-04-11,1.0,207.8,1.0,0.0,0.0,157.0,work_intense,1,36.8,2.0,29.3,176.0,167.0,0.0,-2.7,659.0,664.0,0.0,0.0,6.0,1.0,0.0,0.0,1.0,1.0,8.9,1,2,1,low,bike_family,0.614,2,86.6,13.4,0.0,moderate,6.463,False,,,12.6,5,69.8,5,0.0,144.0,3,331.0,6,578.0,10,1436.0,24,0.922,1.36,450.0,True,1987.0
2026-04-12,1.0,67.3,1.0,0.0,0.0,50.0,easy,0,0.0,0.0,0.7,166.0,142.0,0.0,4.1,20.0,103.0,0.0,0.0,4.0,0.0,0.0,0.0,1.0,1.0,1.9,2,2,1,high,bike_family,0.733,3,80.4,13.3,6.3,high,6.519,False,,,41.9,6,106.6,6,0.0,240.0,3,488.0,7,735.0,11,1509.0,24,1.294,1.519,741.2,True,2651.0
2026-04-13,1.0,80.6,0.0,1.0,0.0,14.0,NA,0,,,,,,,,,,80.6,0.0,,0.0,0.0,0.0,0.0,0.0,,1,2,1,low,,,0,,,,,,False,,,42.6,6,72.8,6,0.0,217.0,3,440.0,7,729.0,11,1496.0,24,1.176,1.405,618.3,True,1929.0
2026-04-14,2.0,150.2,1.0,0.0,1.0,109.0,work_intense,1,47.7,5.0,29.5,170.0,167.0,0.0,13.1,680.0,639.0,0.0,53.2,7.0,1.0,0.0,0.0,2.0,1.0,75.8,1,2,1,low,bike_family,0.67,2,82.4,8.3,9.3,moderate,11.048,False,,,34.7,5,50.3,5,0.0,221.0,3,383.0,7,686.0,11,1502.0,24,1.02,1.149,440.2,True,1667.0
2026-04-15,1.0,123.9,1.0,0.0,0.0,58.0,easy,0,0.0,0.0,0.0,140.0,130.0,0.0,7.2,129.0,135.0,0.0,0.0,3.0,0.0,0.0,0.0,1.0,0.0,2.8,1,2,1,low,,,0,,,,,,False,,,64.2,5,98.0,5,0.0,173.0,3,474.0,7,795.0,12,1517.0,24,1.25,1.404,665.6,True,2306.0
